bookname	under	online	sufficient	romantic	lonely	original	partial	extensive	behind	constant	overhead	hollow	whole	distant	great	particular	complete	lying	apparent	together	sympathy	black	advanced	watchful	other	final	better	present	grand	double	wanting	charming	closer	external	young	natural	right	subdued	highest	level	solemn	brilliant	strange	ghastly	hateful	mysterious	obscure	obsolete	ancient	little	intelligible	genuine	enemy	brown	certain	modern	simplest	central	outside	steep	still	lower	minor	white	clear	empty	ahead	front	single	evident	nearer	ordinary	singular	curious	interesting	handsome	pleasant	tight	excellent	small	anxious	inside	faint	asleep	above	tired	against	actual	healthy	light	aware	round	higher	stranger	eternal	perfect	delicate	necessary	obvious	entire	chief	characteristic	sudden	solitary	important	likely	immediate	strongest	visible	beyond	vague	dense	large	invisible	cheerful	inner	lively	upper	independent	vigorous	usual	fresh	funeral	pretty	popular	struggled	permanent	moral	bright	speaker	private	younger	wonderful	clever	serious	wrong	stiff	foolish	parish	sensible	terrible	mortal	close	common	civil	grateful	alive	agreeable	quiet	splendid	public	hanging	older	blind	youngest	encouraging	sooner	sorry	brave	material	rapid	north	different	foreign	nearest	opposite	clean	living	conscious	broad	waist	audible	shrill	rough	bottom	slight	telling	fancy	superior	scared	nervous	welcome	straight	ready	descent	erect	offensive	solid	sweet	honest	beautiful	intense	transparent	gentle	dreadful	tender	possible	silent	happy	capable	heavy	angry	unexpected	thick	false	latter	early	smooth	stupid	cruel	proud	unreasonable	momentary	sorrowful	numerous	prominent	strong	outer	gloomy	miserable	awkward	worthy	dangerous	bored	glorious	fortunate	lucky	brief	steady	later	longer	signal	female	extraordinary	conspicuous	utter	friendly	special	local	purple	dried	individual	accent	additional	smart	regular	secret	practised	trivial	incident	troubled	irregular	considerable	weary	childish	precious	absolute	square	afraid	joyous	careful	faithful	innocent	quick	conceal	brighter	perpetual	western	fashionable	remote	impossible	vulgar	narrow	thankful	social	unknown	fearful	subtle	thoughtful	abstract	spare	unusual	hideous	prudent	dusty	horrid	unnatural	proper	extreme	rigid	accident	previous	personal	professional	loving	honesty	generous	comfortable	despised	rival	stable	correct	equal	honourable	mental	indifferent	distressed	ridiculous	short	earlier	simple	impatient	official	secure	dearest	remarkable	national	profound	blank	upstairs	green	yellow	naked	absurd	silly	crowded	happier	similar	content	physical	unable	northern	fantastic	gigantic	sheer	recent	difficult	expedient	desirable	alike	feminine	darker	massive	barrier	graceful	elegant	halfpast	instant	royal	former	occasional	suitable	oldfashioned	ideal	awful	eager	decent	critical	south	larger	imaginary	desperate	earthly	painful	total	contrary	beloved	easier	feverish	bitter	ignorant	practical	undertake	uncomfortable	mechanical	domestic	successful	favourable	unhappy	noisy	vacant	significant	attractive	probable	habitual	famous	rational	intellectual	plain	fatal	warlike	serene	spiritual	animal	artificial	coarse	wealthy	useful	lofty	smaller	check	loose	magic	soothing	longing	lowest	current	timid	overcoat	magnificent	historical	incomprehensible	vivid	exact	hasty	harsh	temporary	available	excess	noble	frequent	wooden	startled	scent	strict	precise	doubtful	wicked	frantic	sharp	deeper	delightful	mutual	unconscious	sacred	parent	daily	intimate	shameful	severe	jealous	reasonable	elderly	respectful	feeble	stronger	fierce	drunk	youthful	eastern	inevitable	tremendous	swift	monstrous	medical	disagreeable	absent	intent	insensible	trial	gross	patient	moist	louder	blissful	lovely	plant	divine	desirous	faster	enormous	wiser	collar	ragged	respectable	harder	clumsy	educational	convenient	musical	religious	electronic	commercial	derive	applicable	medium	corrupt	legal	indirect	readable	widest	financial	charitable	earliest	selfish	eldest	unworthy	violent	cautious	smallest	intelligent	feeling	dirty	advised	alarming	expressive	invalid	dependent	polite	incapable	formal	humble	talent	resolute	justified	liberal	powerful	prosperous	sincere	modest	decisive	happiest	joyful	tranquil	gracious	continual	universal	suspicious	confident	formidable	scarce	separate	clearer	delicious	finest	ardent	horrible	essential	syllable	complex	curly	political	favorite	honorable	slender	panic	furious	scientific	stern	deliberate	jolly	immense	hungry	vronsky	lighter	cheap	economic	wider	dressmaker	responsible	southern	peaceful	hostile	priest	sturdy	vital	dreary	sullen	board	petty	shallow	heroic	ultimate	dismal	frightful	virtuous	metal	major	bloody	recognised	industrial	hetty	booktype
122-0.txt	151	5	20	15	56	32	7	6	95	7	8	26	111	30	125	28	8	36	28	67	3	51	45	3	303	3	128	72	13	13	12	4	8	4	148	50	100	7	9	26	6	16	71	12	4	5	16	9	22	318	4	5	5	37	54	13	2	13	71	3	131	32	2	103	40	21	14	66	30	8	27	18	22	39	17	11	20	5	4	80	38	40	28	25	72	15	159	13	3	188	27	226	18	18	6	27	14	46	14	2	19	3	26	16	12	28	10	6	69	90	4	10	44	10	14	19	6	17	7	9	30	19	5	34	3	3	6	10	30	10	10	8	14	17	14	27	4	11	12	9	23	6	47	30	4	3	27	5	30	6	17	17	8	19	1	1	21	17	6	14	5	6	35	8	17	10	14	57	14	4	9	9	5	19	31	32	17	38	7	6	7	26	34	54	6	10	1	15	29	16	28	13	4	15	12	29	54	41	38	12	32	14	11	9	4	12	42	22	1	15	16	3	11	6	9	1	27	21	12	2	14	8	6	1	3	2	7	3	7	25	40	26	9	8	2	8	15	5	12	17	9	15	7	7	7	11	22	1	5	9	16	9	8	25	2	7	14	11	20	1	4	6	4	15	6	1	5	1	2	13	19	2	6	2	25	20	4	6	11	1	3	5	1	1	4	5	3	19	3	4	12	23	6	7	10	7	4	10	4	5	15	8	2	3	9	11	3	8	30	17	12	3	6	9	11	6	1	3	11	30	45	22	4	5	10	2	7	11	11	25	12	1	6	7	9	16	3	2	5	3	6	3	3	7	5	2	12	6	3	11	6	1	18	5	3	8	8	1	7	6	4	9	5	8	5	6	5	6	2	14	13	8	1	1	2	6	7	3	9	4	4	4	6	2	2	1	5	9	14	6	2	2	1	13	1	4	4	5	1	9	6	6	1	1	4	9	5	3	1	1	1	3	5	6	7	11	8	5	3	8	3	5	5	3	3	1	2	5	3	6	9	6	4	13	1	2	9	1	1	4	6	5	2	1	7	4	1	2	2	4	2	1	2	2	2	1	7	4	3	2	6	1	3	4	1	5	7	1	2	4	1	1	1	1	3	1	1	5	3	2	2	42	1	2	3	12	3	3	3	5	3	1	2																																																																																										romance
1342-0.txt	66	5	5	2	56	7	17	9	21	22	8	26	108	8	213	37	11	1	4	98	3	2	7	1	296	2	107	101	3	3	11	38	1	4	226	42	66	7	18	26	9	16	14	12	4	5	16	3	22	291	5	5	3	2	86	2	2	13	6	3	77	4	2	5	12	2	14	8	25	25	10	3	3	4	24	70	39	5	25	40	39	40	1	25	44	8	85	12	2	33	22	23	4	14	6	21	10	39	1	2	25	3	12	5	19	52	22	1	8	58	5	10	39	10	12	19	24	1	2	9	56	12	5	40	2	3	3	5	2	10	17	44	5	16	37	21	4	10	11	51	23	8	15	34	28	20	5	70	14	5	31	2	4	8	28	7	19	52	6	11	4	6	59	8	7	22	14	40	6	3	9	1	5	2	1	31	9	31	25	6	5	20	34	29	4	10	3	3	10	1	23	13	4	9	13	7	81	36	122	32	6	24	13	9	21	25	36	22	4	5	40	10	3	6	5	1	28	21	4	7	15	3	2	1	3	20	8	3	18	6	36	6	10	28	2	11	8	5	3	17	9	11	7	5	4	4	5	2	5	9	16	9	14	4	2	4	4	11	64	1	6	3	3	15	21	1	5	1	2	13	61	3	5	10	1	12	9	6	1	1	10	2	1	7	4	7	2	26	5	4	5	3	2	7	4	7	23	23	4	1	15	4	43	7	9	23	22	7	57	6	1	8	5	15	29	9	1	3	11	30	2	22	4	7	21	5	5	4	1	6	19	6	6	7	9	9	18	2	23	4	6	3	3	7	3	21	2	9	3	44	9	5	18	5	4	17	5	2	7	10	9	3	1	25	4	18	2	6	3	3	24	8	1	11	2	12	3	16	22	8	9	5	6	18	2	1	15	5	18	6	2	2	1	2	1	2	4	7	3	9	11	2	1	1	4	1	2	3	1	1	1	4	5	3	8	11	1	3	6	21	19	5	4	3	1	1	5	5	3	6	5	35	9	13	1	2	4	24	3	11	4	27	2	2	7	10	1	2	2	4	6	1	2	2	2	24	8	4	5	3	5	1	3	2	1	4	2	1	12	4	1	3	1	1	28	1	1	2	7	1	2	42	1	4	3	12	3	4	6	5	3	1	2	6	9	23	6	17	7	14	9	2	8	4	9	2	1	4	8	13	15	16	2	3	10	9	3	3	17	4	2	15	4	2	16	4	4	1	4	5	2	6	1	2	4	1	2	3	1																																												romance
1399-0.txt	281	5	4	3	14	10	7	9	185	10	3	16	327	21	320	23	70	105	16	220	45	154	11	1	552	12	343	79	6	17	16	81	26	27	362	103	460	15	47	18	14	62	158	12	32	38	11	3	7	776	3	22	18	15	137	32	17	1	63	4	478	55	2	248	117	29	19	96	58	27	34	27	2	7	73	94	72	15	43	52	60	7	31	87	152	40	198	20	44	243	141	423	45	9	4	34	37	69	23	2	101	32	48	11	107	63	8	1	29	66	19	3	60	2	40	39	41	10	20	21	103	111	8	93	4	9	5	23	94	10	26	34	26	61	82	137	9	9	5	13	101	3	107	63	11	24	32	25	50	97	124	46	25	6	8	8	21	111	6	29	68	1	140	19	11	60	32	154	73	54	34	11	24	18	33	36	85	79	5	32	37	11	134	168	4	22	10	20	100	55	55	50	16	14	12	57	202	84	255	32	35	102	27	67	43	19	55	32	75	35	76	2	5	6	2	31	97	25	43	42	31	4	17	47	3	5	14	23	7	111	35	3	11	31	7	32	53	99	6	17	10	21	13	3	39	21	31	2	16	13	13	3	7	34	28	18	4	2	175	12	21	5	40	27	28	3	5	2	37	21	150	20	26	4	23	27	35	20	6	3	7	7	26	4	7	17	27	16	40	4	7	12	34	7	57	6	12	29	16	22	18	20	8	7	45	29	17	22	168	19	130	8	99	19	8	23	2	3	11	47	46	33	17	45	17	10	7	14	16	56	54	6	5	7	9	7	86	2	2	23	16	3	5	35	22	26	27	145	3	59	9	7	46	7	128	48	14	3	3	15	7	17	15	58	4	97	9	30	6	11	3	9	6	24	7	20	28	16	97	5	9	7	34	1	28	5	30	29	17	1	2	30	63	16	12	30	25	11	16	10	22	14	1	11	23	2	12	23	55	8	11	24	11	15	6	4	12	5	5	36	11	7	11	28	11	7	9	5	3	18	1	86	11	4	11	2	3	45	41	21	53	10	16	22	7	42	1	45	14	4	15	1	20	4	5	66	6	14	5	6	3	18	26	13	29	35	11	4	3	4	6	3	36	1	2	10	3	6	8	12	34	42	1	2	4	24	11	15	4	6	6	4	2	2	3	8	6	22	7	9	18	54	37	17	5	3	16	5	4	30	5	11	18	49	5	21	17	1	13	13	8	13	15	5	11	19	8	11	23	7	1	33	17	21	1	7	24	37	3	30	32	32	51	21	32	29	18	22	28	14	8	53	31	385	3	9	18	14	1	11	7	11	27	42	13	6	16	5	2	16	4	2	2										romance
141-0.txt	149	5	19	1	2	6	11	6	37	21	3	16	87	11	328	35	39	1	12	185	9	15	6	1	345	2	242	120	4	4	46	5	2	1	255	62	144	2	7	2	15	8	13	12	32	38	11	3	3	491	6	10	2	6	42	14	5	1	7	4	120	6	2	19	29	2	19	96	16	18	10	3	2	6	26	43	64	15	29	58	77	2	6	3	61	26	129	9	44	45	64	63	22	9	4	28	6	55	23	5	20	32	21	10	27	55	25	6	29	149	19	3	45	2	28	39	41	2	22	21	57	15	8	105	2	5	3	11	10	5	28	23	36	27	66	85	9	12	12	25	18	3	51	64	14	18	14	86	55	97	34	2	6	5	11	11	16	67	1	21	5	5	75	5	5	9	32	31	16	1	34	11	24	6	11	11	14	45	15	32	6	45	5	83	4	22	9	10	41	14	26	1	16	31	22	20	105	32	193	31	20	52	9	67	1	11	89	2	18	7	6	21	2	6	3	1	72	25	5	31	10	6	10	47	3	8	12	4	28	5	71	3	9	17	7	5	22	1	6	1	10	11	4	3	3	17	11	1	3	13	1	3	19	7	28	4	9	2	54	4	3	1	7	46	6	4	1	2	4	6	83	5	9	17	3	8	6	20	8	2	27	9	26	4	7	1	9	43	9	4	2	13	7	2	8	7	13	49	2	1	10	3	67	11	2	15	14	8	77	17	26	24	5	27	37	5	2	3	1	27	20	2	17	5	2	10	25	3	4	6	16	6	5	7	1	14	20	9	22	5	8	2	5	35	7	26	10	2	3	41	9	1	46	7	5	28	2	4	5	10	3	9	2	16	11	23	19	7	2	11	7	3	18	11	7	26	4	24	23	13	2	2	5	11	2	2	7	7	34	1	2	30	63	3	2	7	25	69	4	5	11	3	1	4	21	4	4	12	55	8	11	3	11	3	10	2	1	3	3	11	12	7	3	28	6	7	10	4	3	13	16	31	15	2	11	10	16	17	5	10	5	19	16	3	1	15	1	45	14	4	1	3	20	4	3	25	31	5	10	12	11	1	26	6	29	15	11	2	5	2	8	4	36	6	43	2	3	2	6	1	1	42	1	5	3	12	3	3	3	5	3	1	3	10	20	35	7	3	3	19	3	6	10	3	11	6	6	2	4	6	5	6	11	49	17	3	6	7	7	30	3	16	12	8	2	15	2	5	3	4	1	3	6	2	9	2	15	12	6	30	32	32	51	21	32	29	18	22	28	14	8	1	31	385	3	4	18	6	1	11	7	11	27	1	7	6	16	2	8	16	4	2	3	4	5	1							romance
145.txt.utf-8.txt	458	5	10	9	15	24	6	8	98	37	3	8	115	34	463	92	40	45	18	123	54	61	23	7	793	35	456	217	21	34	54	39	8	13	599	41	285	38	49	39	25	27	65	4	14	23	3	5	18	960	7	28	9	30	208	11	2	9	65	4	277	18	9	99	137	23	19	25	12	24	21	57	9	15	39	62	54	8	44	231	52	19	14	8	120	38	460	23	13	234	88	199	54	21	8	73	57	85	9	11	77	10	70	7	54	140	43	11	28	100	40	2	206	16	41	3	22	7	47	20	200	74	29	139	10	5	5	38	53	10	95	27	40	65	68	135	2	29	35	13	28	13	98	62	9	35	22	73	82	4	120	21	22	26	6	20	33	85	9	29	12	1	95	16	20	52	6	112	101	28	1	12	24	17	9	74	81	44	42	32	27	7	23	131	3	5	27	51	56	26	67	35	6	37	20	31	218	99	126	39	37	61	14	23	42	11	58	1	31	23	74	10	13	6	16	4	176	16	4	42	7	41	33	6	14	18	4	43	15	52	36	2	15	1	14	15	21	33	9	14	17	14	22	13	21	6	31	1	5	8	10	9	12	15	5	5	8	23	71	12	16	8	36	70	10	2	15	8	4	14	49	19	40	13	66	26	2	36	4	8	49	22	5	3	7	3	2	15	16	13	9	23	106	55	33	5	63	22	10	10	16	29	39	11	70	26	5	34	103	30	59	27	11	26	37	42	7	7	24	27	15	12	1	12	21	10	24	3	5	8	35	6	9	3	2	14	83	1	42	25	48	2	10	4	23	8	27	25	2	29	9	23	14	34	18	37	23	17	7	24	2	8	19	73	12	49	9	47	2	34	57	29	8	28	7	20	9	24	35	3	11	10	9	32	40	4	7	35	88	32	2	12	55	9	7	18	3	45	7	18	36	20	20	9	14	9	32	17	55	19	13	3	17	11	26	4	8	6	8	34	15	6	14	11	22	15	19	19	3	29	37	48	35	7	18	1	15	14	1	40	37	20	11	7	13	45	6	6	23	1	25	8	2	2	164	70	11	7	2	21	4	35	11	2	4	29	5	46	1	8	1	11	7	2	31	22	3	4	3	11	52	42	12	2	5	30	3	23	16	5	4	6	9	9	21	11	2	21	7	8	10	9	6	10	13	3	6	8	28	2	20	12	21	14	14	14	16	9	13	7	12	5	1	8	8	15	6	19	30	12	3	5	4	11	18	63	20	2	4	30	17	53	37	32	32	29	4	31	1	7	8	12	12	385	6	16	18	14	2	8	2	11	6	4	3	3	9	2	8	41	9	16	8	5	3	10	6	2	1				romance
158-0.txt	118	5	12	1	1	13	8	6	31	14	3	8	105	18	405	69	32	45	15	132	11	9	4	7	317	2	230	126	10	5	39	52	1	13	367	98	161	9	16	8	8	13	23	4	3	23	3	3	2	598	22	3	4	30	41	12	2	9	6	2	121	11	3	10	20	2	2	5	35	13	14	2	1	1	44	65	57	8	49	52	46	1	3	2	21	38	71	7	4	25	48	58	13	8	3	56	18	40	9	12	5	2	34	7	25	68	24	4	3	81	40	2	60	16	56	3	14	3	14	1	91	17	1	140	1	5	3	3	4	10	25	4	14	50	45	67	2	12	14	41	28	13	28	60	26	24	6	82	47	4	28	9	13	24	8	12	17	78	9	14	4	2	58	16	1	9	1	34	13	19	1	4	24	4	4	27	29	61	78	32	14	30	23	96	3	5	27	51	40	11	42	35	6	31	26	24	137	43	206	9	16	27	5	8	7	8	59	14	5	6	19	16	7	9	9	7	72	16	2	13	20	33	16	6	14	41	9	2	18	15	79	2	16	27	14	5	29	1	7	2	17	11	6	8	21	35	28	5	4	8	10	7	24	3	5	13	3	5	108	6	6	3	2	43	16	2	10	1	1	1	57	14	8	9	13	3	8	36	6	8	19	7	5	6	2	2	5	61	22	13	2	18	10	1	33	2	9	54	10	10	1	10	98	15	6	21	4	14	108	12	28	16	5	11	32	7	7	7	4	2	15	5	1	12	21	3	17	3	5	6	3	6	9	3	2	7	11	4	30	6	3	3	10	4	10	48	27	8	2	27	6	10	7	34	18	35	2	2	4	11	6	2	19	6	8	15	13	4	3	8	18	29	2	7	7	13	7	25	26	4	4	5	3	9	1	5	25	10	36	1	2	12	55	9	7	7	3	35	7	6	11	1	20	4	1	2	2	3	55	2	13	2	17	5	7	1	5	3	1	6	15	6	1	11	6	2	14	19	3	3	3	66	7	3	1	5	15	12	3	24	6	35	2	3	2	13	6	1	3	1	9	8	2	2	1	30	13	6	7	7	5	7	11	3	4	18	5	46	4	2	4	6	7	2	39	22	3	2	9	19	52	42	1	2	3	19	3	4	3	5	3	1	10	1	14	14	9	3	16	27	9	2	10	4	8	4	5	7	4	5	5	26	13	14	7	15	7	7	7	7	5	8	7	8	5	10	3	5	7	4	1	15	6	3	16	2	6	5	15	30	17	53	37	32	32	6	4	31	1	7	8	6	3	385	4	3	18	14	2	8	2	11	6	4	3	3	9	2	8	41	9	16	8	1	4	10	6	2	1				romance
2383.txt.utf-8.txt	259	5	15	1	2	24	8	2	48	9	3	6	74	6	640	4	12	8	3	38	11	88	12	4	616	9	137	59	9	14	8	4	2	13	141	34	694	2	16	8	9	6	42	2	8	23	3	9	14	257	4	1	19	15	180	41	2	2	2	2	81	9	11	205	82	14	2	6	16	1	4	1	4	26	12	5	37	8	11	117	2	1	8	16	115	38	237	8	4	129	4	51	13	1	13	53	15	11	9	7	18	10	21	2	19	4	1	12	2	12	1	3	85	5	56	3	6	3	4	1	5	147	11	11	32	5	4	18	129	2	12	8	8	50	7	52	2	39	20	41	28	23	34	36	5	3	32	9	10	16	19	27	6	43	8	12	2	48	5	8	4	22	13	4	5	7	49	54	3	53	1	4	6	13	11	6	12	11	3	32	14	33	21	92	9	1	27	3	107	23	15	35	1	128	13	48	30	13	17	3	34	22	1	31	164	8	34	20	5	48	20	1	7	33	14	1	106	16	2	1	4	160	3	1	22	10	9	8	18	23	28	2	14	9	3	8	20	23	1	4	3	7	6	2	38	12	40	1	2	1	7	7	4	23	1	42	1	5	14	6	9	35	15	12	4	2	5	1	2	4	15	6	4	9	7	16	4	32	4	8	21	1	7	13	2	2	4	35	4	13	8	4	10	1	28	11	7	54	10	1	31	4	17	28	4	1	4	14	84	14	29	1	5	2	32	5	7	7	5	2	158	29	41	2	30	3	17	11	10	5	5	4	10	3	6	7	8	2	2	29	2	3	10	2	3	6	2	8	63	11	1	3	7	34	18	5	2	2	25	1	1	2	17	7	8	25	12	5	3	46	2	4	22	7	1	7	4	4	6	3	1	5	3	4	1	27	25	3	90	6	3	12	15	3	3	13	3	35	15	7	7	7	17	4	16	5	1	2	55	2	7	2	7	5	11	2	1	3	12	180	12	2	1	11	5	9	14	58	2	36	5	66	7	3	6	4	15	2	12	4	20	28	2	3	18	12	10	16	2	1	5	8	12	2	4	30	11	162	1	7	5	30	18	2	80	17	2	19	18	4	4	1	4	2	39	1	3	2	3	6	14	3	1	3	1	15	12	19	5	2	3	1	7	2	14	8	10	7	1	27	9	2	10	7	2	4	5	1	4	5	4	62	11	14	7	11	10	4	7	6	5	8	11	3	11	9	3	5	7	2	1	12	1	4	4	5	25	9	2	30	17	8	37	32	12	6	16	31	2	1	53	2	1	385	5	6	18	1	2	2	2	3	6	82	5	3	4	3	7	41	9	5	8	2	4	54	16	2	22	3			romance
2527.txt.utf-8.txt	68	5	8	4	1	5	8	3	10	5	3	1	60	12	44	4	4	6	3	28	16	12	3	4	118	5	38	35	4	14	8	17	1	13	31	15	35	6	4	3	9	4	10	2	1	10	1	3	3	109	4	14	1	15	25	1	2	2	8	2	58	4	11	16	4	14	2	14	15	6	3	6	4	26	3	4	7	8	9	15	12	1	4	6	19	38	25	5	3	31	4	15	1	5	10	21	2	9	9	11	8	10	5	2	3	1	4	3	5	15	1	3	7	1	5	3	10	3	4	1	15	6	11	9	32	4	1	8	19	2	3	4	5	50	5	2	2	6	2	6	3	13	7	14	5	1	3	13	9	2	11	27	3	43	12	12	5	3	5	8	1	1	7	4	5	2	1	10	1	2	7	4	6	6	1	1	3	18	5	32	14	33	1	11	9	4	27	2	25	3	15	9	1	6	8	9	15	36	67	10	10	5	5	7	164	9	2	20	5	5	4	1	7	4	1	1	11	16	10	3	1	15	1	1	9	1	9	1	18	3	16	2	14	3	3	9	5	1	1	4	3	9	6	5	38	1	6	1	2	4	5	7	4	12	1	2	1	5	4	6	9	1	16	12	15	2	5	1	2	2	11	6	12	1	7	12	8	32	2	8	2	2	7	3	2	1	4	4	11	13	4	2	10	1	4	11	6	1	10	1	31	6	3	2	9	3	2	4	21	2	23	1	7	2	11	3	7	7	5	2	9	5	41	2	9	3	5	13	9	13	4	4	10	2	6	7	5	2	2	1	2	4	10	1	3	6	2	2	1	14	2	3	3	34	2	1	2	2	25	2	1	2	2	20	8	2	13	5	3	5	3	4	6	7	1	2	4	4	15	3	1	1	3	4	1	27	25	5	12	9	3	12	3	3	2	13	3	5	15	1	5	1	4	4	2	1	2	1	55	5	1	2	7	5	3	2	1	3	5	18	4	2	1	11	3	9	14	58	2	36	2	18	4	7	10	4	6	2	12	3	20	1	2	3	17	3	2	2	1	1	5	8	5	2	4	10	6	162	1	2	2	30	18	2	80	17	2	3	3	8	4	1	4	2	1	1	3	2	3	6	14	42	1	5	3	12	5	3	3	5	3	1	2	2	14	12	10	11	1	3	9	3	8	7	2	2	3	1	4	8	2	2	1	14	7	11	10	4	6	6	5	8	11	4	4	2	4	5	7	2	2	2	1	9	2	4	25	1	2	30	17	8	37	32	2	6	16	1	2	1	53	2	1	385	2	6	18	1	2	2	2	1	6	2	5	3	4	3	7	8	9	5	8	2	4	54	16	2	22	5			romance
28522.txt.utf-8.txt	27	5	3	4	1	3	8	3	27	9	3	4	16	3	26	4	16	12	4	26	16	12	3	4	67	9	41	26	4	4	2	31	1	13	36	1	12	6	4	3	9	4	6	2	1	10	1	3	3	155	4	14	1	3	23	1	2	2	6	2	61	4	11	6	2	14	1	13	3	8	3	5	4	3	3	18	11	3	9	14	6	1	2	6	10	3	13	3	3	3	36	70	1	3	10	6	3	13	3	3	1	10	5	2	3	6	5	3	5	11	1	3	15	1	5	3	4	2	4	4	29	5	11	19	32	4	1	8	19	2	1	3	2	4	3	2	21	6	2	7	2	13	25	2	5	3	3	29	22	25	10	1	6	43	12	12	9	3	5	8	1	1	8	4	5	2	1	4	3	2	17	4	6	6	4	2	9	7	5	32	4	33	1	10	9	19	27	2	3	3	10	6	1	3	8	9	77	2	12	3	1	3	1	7	164	3	4	20	1	2	7	1	7	4	3	10	2	16	10	2	2	15	1	1	9	1	1	1	18	3	10	10	14	3	3	9	1	1	1	1	3	9	6	4	38	1	13	1	2	4	5	7	10	12	1	7	1	5	37	6	1	1	16	4	8	2	5	1	2	2	8	6	4	1	7	12	1	32	2	8	2	2	7	1	2	1	4	7	3	13	1	10	10	1	1	11	6	1	10	1	1	2	2	2	9	3	2	4	11	5	23	1	5	2	9	3	7	7	5	2	9	5	44	2	9	3	5	9	1	6	5	4	10	2	6	7	3	2	3	1	2	4	10	1	3	6	2	4	1	4	1	3	3	34	2	16	2	4	25	7	1	2	2	20	8	2	13	1	3	5	3	3	6	7	1	2	7	8	15	3	1	1	3	4	1	27	25	5	6	9	3	12	3	3	2	13	3	5	15	1	6	1	4	4	2	1	2	1	55	1	1	2	7	5	3	2	1	3	7	18	4	2	1	11	2	9	2	1	7	36	2	33	16	7	10	4	6	6	12	4	4	2	2	3	17	3	7	2	3	1	5	3	5	2	4	10	2	1	3	2	2	30	5	2	7	18	4	3	7	8	3	1	4	2	1	1	3	2	3	6	14	42	1	2	3	12	3	3	3	5	3	1	2	2	14	12	10	4	1	3	1	3	8	3	2	2	3	1	4	1	2	2	1	14	1	11	4	4	6	6	5	8	11	4	2	2	4	5	7	2	2	4	1	69	2	6	25	1	2	30	5	8	1	32	2	6	6	1	2	1	53	2	1	385	2	6	18	1	2	2	2	2	6	2	2	3	4	3	7	8	9	5	8	2	4	54	2	2	1	1			romance
4240.txt.utf-8.txt	259	5	22	4	8	5	2	3	105	35	22	54	158	15	332	15	102	43	5	137	9	222	13	13	392	64	97	21	10	6	25	14	13	4	278	24	177	16	19	48	2	54	394	25	13	14	4	11	3	587	4	2	10	44	100	11	2	12	84	16	259	4	11	406	111	19	25	75	50	11	79	53	1	102	15	60	26	30	9	177	10	29	97	10	99	29	223	27	25	277	72	388	29	3	61	258	38	12	4	2	13	3	81	8	17	4	17	2	13	157	23	1	110	24	4	19	10	16	4	9	19	21	3	37	32	6	5	1	111	2	23	22	109	14	27	49	54	9	2	3	108	8	117	41	5	12	19	29	31	20	42	29	6	57	1	12	2	28	4	25	20	5	52	6	4	22	37	133	58	21	13	6	10	6	42	41	13	11	11	32	34	6	75	36	3	21	2	21	18	3	225	30	15	21	44	30	18	159	72	19	147	29	9	53	33	8	6	28	18	15	41	5	6	4	1	3	132	24	14	2	7	15	47	16	4	1	1	6	28	17	12	4	56	14	1	29	6	18	1	32	5	40	1	6	7	5	28	1	9	4	28	2	3	26	33	6	20	11	109	3	1	8	9	92	2	2	1	1	13	15	17	24	23	3	85	73	19	117	2	33	3	3	20	1	3	6	21	11	23	23	15	3	13	1	13	11	1	3	20	2	7	8	25	3	10	42	2	23	75	2	59	15	6	1	4	18	21	14	20	13	121	119	72	28	14	25	4	3	12	87	6	13	6	2	23	7	20	2	14	12	8	4	6	6	4	28	2	14	7	4	3	3	3	13	56	2	8	17	15	2	1	8	2	15	8	3	12	1	3	30	2	5	6	4	63	5	7	8	14	2	2	2	42	4	1	1	1	9	14	29	3	3	36	44	9	19	2	5	6	15	5	43	34	7	1	3	21	4	14	8	2	13	26	5	3	4	1	3	7	6	4	18	34	14	5	3	14	17	2	69	23	16	8	88	5	4	10	20	17	4	13	1	5	3	17	11	27	8	3	3	22	5	29	1	4	1	18	15	3	4	3	7	8	2	3	103	10	8	2	8	21	2	20	2	1	8	14	2	3	2	17	42	4	2	3	18	10	8	6	5	3	1	2	1	5	4	10	59	4	3	6	4	24	3	2	2	2	1	2	3	6	18	1	14	1	11	55	4	4	6	3	5	11	4	4	4	26	2	20	2	5	42	4	9	3	6	70	23	4	7	5	8	1	32	32	13	8	3	2	21	1	4	1	385	1	2	18	1	2	16	2	12	21	3	3	21	15	25	12	8	13	3	54	1	4	54	7	2	1	8	11		romance
541.txt.utf-8.txt	161	5	1	11	16	13	2	5	75	4	4	7	51	12	73	15	17	43	2	89	3	55	14	7	270	5	61	17	6	8	12	11	9	4	303	16	95	6	19	9	7	20	23	3	13	23	21	3	4	247	4	2	10	34	39	7	3	7	26	1	115	5	1	77	28	21	16	2	6	12	25	1	1	11	11	28	7	10	3	85	14	6	46	3	66	14	122	5	2	67	42	50	29	4	2	19	13	11	2	2	2	6	38	5	10	13	8	2	22	46	8	1	60	11	5	14	10	6	2	9	43	16	3	30	11	5	4	14	28	2	37	17	16	14	15	11	4	20	2	3	4	1	31	13	5	9	6	8	28	3	26	10	20	8	3	1	12	13	5	9	3	5	45	38	5	6	1	45	34	5	7	6	3	3	1	33	11	11	2	4	7	4	31	10	1	2	2	21	9	12	21	4	12	7	5	20	24	55	32	5	29	14	12	13	4	10	26	7	12	5	9	2	10	4	1	2	7	5	3	2	5	2	2	6	3	1	1	12	28	42	4	3	5	7	12	4	9	7	8	15	2	12	2	4	5	5	30	4	1	3	11	4	18	7	1	5	2	27	41	1	2	3	16	7	14	2	4	1	26	11	19	12	20	7	38	16	3	117	2	1	6	16	2	3	3	2	4	10	9	3	3	7	5	13	6	11	7	5	20	1	5	8	2	4	10	15	2	9	24	13	25	4	9	4	18	18	21	1	4	6	28	53	72	6	8	11	4	2	3	12	5	13	4	4	3	2	13	2	14	8	2	2	3	6	2	1	18	8	7	13	10	7	49	11	7	12	7	1	1	9	5	2	2	10	1	5	4	6	3	3	2	2	6	4	63	10	6	8	30	5	3	4	42	2	2	12	2	14	11	3	3	2	1	1	1	5	4	3	1	8	6	4	34	1	8	1	3	4	10	9	2	3	12	5	3	2	2	3	4	5	10	20	25	7	2	3	3	8	2	6	15	10	4	6	7	4	13	7	17	4	1	5	22	3	1	11	2	8	4	3	5	2	1	9	4	3	6	15	4	4	5	1	6	2	4	16	3	8	2	8	1	2	1	6	11	5	14	2	6	8	4	42	2	2	3	12	5	15	3	5	3	9	2	1	3	8	10	59	3	3	8	7	24	7	2	2	10	5	6	4	3	1	1	5	5	1	6	1	2	7	2	5	2	6	2	4	26	2	1	2	5	7	1	7	2	1	4	1	5	7	5	8	1	32	9	13	8	2	2	21	4	11	1	385	4	8	18	2	2	1	3	12	21	3	1	21	3	25	4	8	13	4	54	1	4	1	7	2	1	27	11		romance
768.txt.utf-8.txt	150	5	17	1	8	4	2	5	46	20	6	19	108	4	101	8	7	20	2	65	13	87	12	7	177	1	117	59	10	8	6	5	6	6	183	15	71	10	1	10	6	6	36	6	4	2	3	3	13	275	1	6	6	14	46	2	3	7	31	3	130	9	1	62	27	5	16	3	28	1	20	23	11	13	8	37	23	1	1	35	17	11	14	26	58	28	119	8	11	59	28	99	4	21	7	9	9	15	2	11	8	6	18	9	3	19	5	2	12	35	5	1	36	7	25	6	8	3	5	5	32	16	11	41	11	11	3	8	34	8	12	15	1	3	20	29	6	19	7	5	9	11	38	17	5	2	21	10	30	3	11	20	7	9	3	2	4	42	3	4	12	9	18	2	6	16	7	46	17	3	7	2	3	31	7	23	11	46	5	1	2	11	12	38	5	7	2	21	44	7	21	12	12	13	5	10	29	31	41	11	18	33	4	18	6	35	33	20	17	20	12	2	3	3	5	2	40	3	6	17	4	8	1	6	4	3	5	12	7	2	19	3	3	1	12	14	4	4	8	6	4	18	3	3	5	7	19	1	1	3	8	2	11	17	15	17	2	5	38	1	11	10	9	19	16	2	5	1	26	11	14	4	7	2	6	2	12	117	2	1	20	1	4	3	3	4	7	17	2	3	6	7	6	13	15	11	6	7	7	1	8	2	14	5	14	5	9	9	30	10	9	12	5	12	18	1	21	2	6	10	21	10	3	8	30	3	5	6	13	19	5	4	1	4	5	6	4	6	1	2	2	2	3	2	4	2	14	28	7	52	10	2	3	2	7	15	13	3	9	2	5	9	2	10	1	13	4	6	3	28	12	2	2	10	63	1	6	10	8	3	11	2	1	5	4	1	7	5	20	3	3	2	3	11	1	5	8	2	1	8	11	23	34	3	6	3	2	4	10	9	2	1	2	2	8	10	5	3	11	1	4	5	6	4	4	1	3	36	6	13	6	8	8	3	7	4	18	9	3	3	19	5	4	3	12	3	8	9	4	3	5	1	1	9	1	8	10	1	7	2	2	14	3	4	4	3	2	5	6	9	1	4	2	3	12	5	14	2	1	1	3	42	1	2	3	14	3	6	3	5	3	1	5	3	15	8	3	17	6	3	7	4	10	9	2	1	5	5	6	5	3	1	1	2	1	1	3	1	2	7	2	5	4	8	1	7	6	2	4	2	5	5	1	7	4	3	4	1	13	7	5	8	1	32	12	13	11	2	8	6	4	6	7	385	3	1	18	1	2	1	3	1	3	3	1	21	24	11	4	8	1	4	1	19	11	2	7	2	2	10	11		romance
805-0.txt	105	5	3	29	4	8	2	5	57	10	8	12	37	4	180	12	10	8	2	28	3	40	2	7	146	5	50	44	2	4	5	10	5	6	68	20	75	2	9	9	7	27	45	7	4	1	2	3	13	229	1	6	6	25	32	6	3	7	38	3	56	6	3	71	15	6	38	30	9	3	5	23	11	21	13	16	6	5	2	56	9	29	40	13	36	35	101	7	9	105	13	5	13	2	17	4	7	9	7	9	7	4	35	9	22	19	12	2	2	14	21	5	24	8	6	6	8	22	5	5	18	13	8	45	25	5	2	12	21	8	11	4	26	31	7	29	5	1	7	1	9	11	41	12	5	2	12	10	21	3	22	4	29	11	3	4	5	20	4	8	12	9	12	1	10	17	8	21	18	23	7	1	1	1	1	11	14	6	9	4	24	2	23	7	4	2	2	8	18	9	45	15	12	3	5	10	23	19	27	12	19	9	2	9	4	35	25	1	24	1	7	2	3	2	5	4	35	2	8	11	6	2	19	15	7	6	3	12	8	46	2	2	1	6	2	4	2	2	3	19	4	17	3	7	5	7	15	1	1	12	8	2	3	8	1	5	1	4	51	2	5	3	16	17	2	2	5	2	7	11	22	8	2	2	30	5	12	6	2	4	3	2	4	3	1	4	7	6	2	6	9	4	6	13	1	14	6	6	4	1	2	1	5	5	19	5	1	7	13	1	8	2	5	1	18	13	21	2	2	10	35	25	3	2	10	19	1	1	17	25	7	4	3	5	1	4	2	6	1	9	4	4	3	2	5	2	2	23	7	3	9	2	4	5	13	6	3	13	9	2	1	5	2	1	1	3	1	2	1	9	12	3	2	6	3	5	6	10	5	6	11	2	4	5	4	2	1	29	8	1	3	5	8	7	20	8	9	1	3	9	10	1	3	3	6	3	8	3	3	5	1	1	11	7	8	3	5	5	11	1	4	2	11	11	1	1	3	6	2	4	4	4	4	8	4	4	18	9	3	3	5	1	2	3	12	3	4	13	1	3	9	9	2	9	1	8	10	14	7	5	2	1	2	1	4	3	2	4	6	9	6	6	6	3	5	10	2	3	10	7	10	42	1	2	3	17	11	3	3	5	3	3	3	1	15	8	4	9	6	3	5	2	11	1	1	1	5	3	7	2	1	1	1	2	1	1	7	6	5	7	2	4	4	8	1	4	6	2	4	2	3	4	2	6	1	3	15	4	13	4	3	4	8	1	20	7	4	3	8	6	4	4	1	385	3	2	2	1	2	1	3	1	3	9	7	2	4	11	4	19	2	2	1	3	5	2	3	2	3	10	1		romance
82-0.txt	272	5	38	13	3	35	2	14	83	17	8	10	106	39	172	16	24	13	10	102	8	154	25	2	414	5	182	150	11	20	2	10	3	10	49	57	124	2	17	11	25	17	18	8	2	8	1	11	110	178	5	1	20	17	57	40	10	1	9	12	91	61	1	66	15	22	38	14	58	5	13	22	14	23	19	11	8	4	7	108	20	3	6	5	86	4	247	8	2	95	27	107	27	37	4	12	5	76	11	3	39	2	44	11	20	28	35	3	11	32	3	5	130	3	6	13	1	31	8	6	40	18	10	3	22	5	1	1	33	5	24	10	8	31	12	14	7	4	3	12	15	21	62	41	14	9	9	5	20	16	47	8	2	14	2	4	28	7	61	4	12	17	42	26	4	34	6	23	18	52	5	6	4	31	13	22	4	7	20	5	24	29	19	59	50	9	5	5	14	46	52	6	12	31	26	5	34	44	16	16	27	14	11	39	36	14	23	6	2	28	57	8	5	5	23	4	119	25	8	20	2	54	37	15	2	4	2	25	6	9	17	28	26	8	4	10	4	7	3	13	10	17	2	7	1	15	32	22	9	12	5	18	29	7	1	24	7	16	13	10	9	44	7	8	8	2	1	9	3	10	27	14	15	2	6	35	21	6	2	2	23	9	7	1	1	2	6	44	10	2	3	12	27	2	4	5	30	6	26	14	10	7	24	35	7	9	7	3	103	6	17	25	7	36	2	9	15	12	5	10	63	23	7	5	3	28	1	25	9	6	23	25	26	11	3	6	17	6	6	34	4	8	10	11	16	2	2	50	46	48	2	2	2	2	12	10	1	1	15	2	4	19	20	9	5	30	7	4	2	4	19	1	7	4	3	32	24	17	41	2	4	2	4	12	21	8	2	5	43	32	5	1	11	15	3	13	23	4	9	5	9	20	7	1	6	3	2	16	3	5	3	1	11	6	36	10	14	3	15	224	13	24	4	1	7	4	7	10	11	25	13	2	11	1	11	1	4	6	2	23	10	13	3	7	16	7	29	3	2	6	9	4	2	5	2	3	11	4	5	20	5	24	2	1	4	19	5	4	24	2	3	6	29	2	10	10	4	2	6	2	21	42	1	7	5	12	3	6	3	5	3	1	7	5	10	3	16	15	12	2	5	4	2	4	6	19	5	1	7	9	7	18	10	9	2	14	43	2	5	2	7	4	9	1	10	4	9	11	16	19	73	17	2	5	7	3	5	4	1	4	3	1	8	1	15	7	9	3	28	6	29	14	4	385	6	3	2	12	2	1	13	12	8	80	5	1	2	14	4	20	2	9	1	1	6	8	32	5	17	11	1		romance
883-0.txt	519	5	12	9	25	16	4	5	180	7	2	32	143	13	320	69	43	118	6	230	16	143	16	16	540	16	454	189	33	35	7	46	20	7	597	99	390	8	20	13	14	9	50	8	12	37	5	6	9	1496	12	5	13	69	229	4	5	1	54	4	202	44	2	103	50	36	14	14	62	11	30	18	29	32	25	41	91	40	26	111	32	41	30	43	113	32	318	8	3	279	58	316	32	48	10	37	36	52	4	4	11	5	27	23	17	67	16	9	28	81	20	5	126	14	27	6	14	22	20	2	90	46	6	219	9	8	4	31	119	5	38	20	30	13	29	123	15	17	6	24	16	11	124	24	3	30	39	41	135	19	98	19	21	37	17	1	65	73	19	3	3	8	60	30	15	61	29	93	42	44	20	8	11	40	31	46	37	63	20	5	12	34	51	134	9	6	13	3	47	85	66	12	13	26	37	36	62	71	84	12	75	47	10	31	52	38	49	19	12	22	57	3	6	7	7	4	129	36	30	31	9	63	11	10	9	9	6	11	28	22	38	28	31	31	10	18	53	41	3	7	37	29	1	18	15	32	87	19	4	8	31	18	16	16	19	55	9	24	113	3	21	26	51	48	15	6	5	9	8	11	46	4	24	40	16	27	13	2	17	2	38	6	6	1	34	10	3	16	7	7	21	16	39	24	34	6	45	58	3	7	22	23	27	47	23	14	16	51	196	7	13	14	22	12	84	40	2	5	29	17	36	31	2	14	9	6	16	29	17	14	15	25	4	9	8	5	39	4	9	22	5	7	2	11	10	10	17	50	2	77	22	11	19	2	31	11	53	5	3	15	8	11	20	17	13	14	13	8	7	13	11	11	9	31	4	42	6	24	10	6	11	2	4	4	3	1	2	11	59	14	5	6	4	25	12	19	5	24	10	16	17	43	1	14	6	17	10	13	5	11	3	8	11	27	5	2	15	5	15	53	10	114	11	6	13	6	18	28	11	77	15	36	5	17	5	46	23	21	10	11	32	15	8	10	14	23	20	20	9	7	9	12	6	1	5	23	2	20	9	11	6	50	3	8	4	75	1	4	10	6	8	5	23	19	30	15	9	12	32	5	1	42	2	10	3	12	3	30	5	5	3	1	4	4	20	9	11	11	5	7	9	3	24	4	18	52	6	2	21	6	13	17	6	7	12	5	14	5	5	29	2	6	7	5	42	1	2	27	5	3	5	16	2	16	2	3	21	2	11	2	3	8	8	1	4	7	12	3	20	4	5	27	5	385	6	15	2	5	134	12	3	20	8	80	2	4	24	7	20	20	9	12	1	31	3	15	7	5	11	11	1		romance
pg1260.txt	281	5	17	7	39	23	6	3	96	12	4	24	70	34	216	13	33	9	7	78	20	173	40	4	228	2	191	96	10	21	12	10	9	4	137	56	128	20	3	10	40	36	153	13	8	9	19	3	5	597	4	16	4	49	110	5	5	4	23	2	305	36	3	135	79	16	14	17	29	4	25	29	12	12	11	68	57	40	20	96	16	3	17	37	71	60	135	11	8	173	32	206	16	41	6	35	20	25	5	4	5	1	30	37	3	27	8	9	30	70	29	8	133	9	23	11	32	23	22	28	55	49	5	41	9	4	10	2	84	4	17	27	3	18	14	29	14	5	7	23	9	16	104	36	5	15	41	10	102	19	17	15	9	47	1	6	13	14	3	2	8	5	53	12	8	14	62	50	8	57	11	28	2	30	14	19	10	39	15	1	15	21	36	45	9	17	2	15	78	19	49	12	2	47	14	12	31	60	86	6	40	11	12	49	10	8	19	37	9	20	29	4	4	6	4	13	98	3	34	19	1	17	22	2	26	7	6	28	7	11	41	4	10	9	3	16	13	7	3	34	6	15	19	8	7	24	33	5	7	21	21	7	17	36	6	8	11	38	55	8	24	35	6	18	14	3	3	6	11	20	25	3	52	11	3	16	25	4	6	4	8	15	11	1	2	10	5	8	8	14	8	12	11	24	11	6	20	19	2	1	4	22	14	3	21	10	9	2	83	3	21	16	6	20	4	12	2	19	23	36	49	11	2	12	9	9	8	11	30	14	6	3	4	9	8	6	24	7	3	8	5	9	19	4	29	12	4	12	4	24	6	3	18	17	14	16	20	5	7	13	2	20	6	28	14	26	5	3	21	41	21	10	5	31	4	9	6	5	8	5	17	2	19	3	13	3	6	8	71	3	5	20	6	9	2	23	12	22	12	3	23	16	5	12	13	17	2	5	5	2	3	7	13	10	14	26	9	3	15	25	22	2	6	5	10	4	7	29	22	18	11	8	16	13	9	6	35	9	3	35	4	11	17	8	24	5	26	20	5	2	8	12	1	1	2	5	9	8	7	3	4	27	3	2	5	24	8	15	5	3	1	4	1	4	19	1	9	2	5	3	4	42	1	6	3	24	7	8	4	5	6	1	10	1	17	8	1	13	4	1	11	4	2	4	3	6	4	14	6	15	12	23	7	22	10	5	12	3	12	23	6	1	7	22	6	6	6	27	5	4	2	15	6	6	6	10	3	3	5	2	3	2	8	1	5	7	4	3	45	4	5	9	13	385	3	15	2	2	5	6	6	3	4	5	2	3	34	14	20	3	9	14	4	2	11	15	5	5	12	22	1		romance
pg161.txt	98	5	11	8	39	3	8	10	30	42	4	3	109	15	233	61	13	8	3	119	9	2	16	2	275	2	115	128	4	21	9	26	3	3	180	48	45	4	5	10	2	2	33	13	1	3	19	3	5	238	1	3	2	2	43	6	1	4	7	8	91	3	2	7	14	16	14	11	10	15	10	7	12	2	22	46	25	40	21	47	46	3	7	4	35	8	110	4	2	19	26	42	3	2	1	9	18	38	5	2	11	1	14	5	26	47	41	7	30	74	29	8	38	9	22	2	25	23	10	2	44	20	3	66	9	2	1	2	2	4	24	10	5	11	36	30	14	8	5	21	6	16	12	70	31	26	2	39	21	19	23	11	2	6	3	17	20	40	3	13	8	5	47	12	4	2	62	50	17	2	11	3	2	30	2	16	11	53	15	1	8	26	3	47	9	17	2	5	27	15	24	12	2	10	15	13	75	53	147	23	27	18	4	1	2	28	23	4	10	12	22	3	3	6	10	13	47	3	5	14	3	1	3	2	26	7	16	11	13	9	40	4	2	14	1	1	12	4	1	34	2	11	3	11	34	4	29	1	1	21	21	3	25	8	6	4	6	4	39	8	5	1	4	16	13	2	2	6	5	20	56	5	8	5	3	6	11	4	8	4	23	3	11	15	2	8	3	39	7	14	7	8	12	24	1	3	9	56	2	3	2	4	29	7	2	21	10	10	84	7	30	12	5	22	14	2	2	19	1	2	14	11	2	3	1	9	6	12	3	6	23	3	4	9	8	2	8	10	11	14	5	1	19	4	8	17	4	10	4	41	6	5	2	17	4	35	6	7	2	2	5	3	1	39	10	15	9	4	4	4	6	10	2	14	4	15	2	7	31	10	5	1	6	17	1	1	9	5	13	3	5	20	6	9	3	23	2	2	12	1	12	2	5	2	13	17	2	5	5	4	3	2	13	3	5	26	5	3	14	9	16	2	5	5	2	1	8	5	2	7	3	21	27	8	2	5	8	21	3	10	11	19	8	3	24	11	26	3	5	2	15	12	1	25	2	3	5	1	11	4	7	10	3	2	5	8	8	2	14	3	1	2	1	4	24	1	9	2	5	11	4	42	2	3	3	15	3	7	3	5	3	1	2	6	24	32	6	22	4	21	3	4	8	6	4	4	3	5	5	7	2	3	1	3	6	8	2	1	20	4	1	7	3	3	9	18	1	3	6	2	2	5	2	6	9	3	5	5	8	2	3	1	8	2	5	7	4	3	45	1	5	9	13	385	2	1	2	2	5	6	6	3	1	5	2	3	34	14	20	1	9	14	4	2	1	1	5	5	12	2	1		romance
pg583.txt	420	5	19	6	36	18	3	10	95	17	1	10	122	18	186	34	22	28	8	216	34	97	45	4	545	12	216	146	15	19	25	17	17	4	126	70	166	6	24	11	15	2	149	9	4	24	19	3	8	737	7	3	21	49	176	24	10	1	75	8	281	40	8	285	75	42	1	55	37	9	66	19	28	22	20	26	38	40	37	96	75	65	57	26	74	12	209	4	11	233	30	267	27	98	4	40	58	127	3	2	3	2	99	29	54	34	22	12	13	109	17	13	126	6	14	17	20	27	8	3	103	55	18	75	7	14	4	23	47	3	68	21	17	10	118	102	1	10	19	17	47	18	154	62	24	31	58	14	178	19	30	15	7	23	3	7	37	35	3	5	10	19	13	59	46	49	14	101	36	41	15	6	9	12	37	13	33	37	9	2	53	25	56	76	9	3	7	12	32	17	50	8	1	9	33	18	164	54	81	17	67	29	22	28	53	14	59	23	2	29	3	12	11	6	2	13	89	21	14	45	5	23	43	2	1	8	8	17	33	85	47	4	19	84	1	5	43	13	21	9	3	16	4	18	1	22	127	11	15	3	31	2	3	45	8	18	16	33	119	8	28	17	64	43	20	8	15	10	2	9	48	3	21	7	19	18	11	7	6	8	48	10	6	1	5	15	6	22	12	1	41	18	94	29	16	5	10	23	6	1	6	5	14	12	22	5	24	8	97	15	35	1	10	15	20	24	15	16	27	71	10	20	5	7	1	8	32	19	10	10	16	2	1	2	7	4	15	10	11	20	7	9	6	3	7	2	19	49	4	59	3	2	20	2	8	21	9	11	10	4	5	11	12	34	39	25	5	11	8	11	26	26	17	4	4	37	8	18	30	7	11	4	2	5	3	11	9	7	95	29	5	4	6	10	5	23	2	23	7	6	18	22	5	11	3	4	4	5	5	22	3	4	21	10	5	6	8	6	14	24	16	6	49	3	7	3	41	24	1	45	6	12	1	12	33	5	9	14	3	10	7	16	26	6	8	8	4	2	5	1	31	12	1	5	45	5	22	1	11	21	4	61	3	4	5	29	4	2	1	8	4	6	9	6	30	17	7	2	16	2	2	42	4	6	4	15	4	46	11	5	4	1	4	15	14	2	6	29	5	15	9	6	9	6	16	4	15	3	39	17	15	8	1	21	18	6	5	1	11	10	5	11	3	5	3	18	5	31	1	2	2	4	2	7	7	2	16	6	3	2	2	23	8	2	1	11	4	4	2	2	2	13	2	385	3	9	2	4	2	17	6	7	1	2	1	3	26	2	3	4	6	14	4	16	4	11	5	5	12	29	1		war
1023.txt.utf-8.txt	380	5	25	8	16	25	9	6	194	31	6	18	285	59	721	67	42	102	1	221	27	191	21	25	627	15	471	316	17	20	36	24	14	4	649	119	397	32	18	31	26	18	94	8	4	40	19	7	16	1895	3	21	21	36	124	2	10	3	86	9	297	32	10	96	102	35	5	18	30	12	45	21	32	122	21	106	111	33	64	146	64	19	16	63	105	46	232	9	16	295	52	377	31	17	7	50	35	102	2	6	11	4	37	40	27	95	9	6	12	107	13	14	216	4	49	6	15	29	5	7	195	99	11	229	17	3	1	16	155	8	51	31	15	25	27	118	17	23	3	57	20	14	166	64	6	26	32	86	169	7	101	37	38	42	9	18	36	90	20	9	7	17	80	33	10	61	43	59	28	88	15	21	29	41	22	30	41	47	26	6	14	55	46	126	6	4	9	3	49	38	134	15	6	35	32	33	124	69	212	17	94	65	26	43	50	17	74	35	5	20	57	20	6	24	9	18	100	20	42	52	7	38	33	12	15	17	2	13	51	16	43	9	31	27	4	8	37	12	3	5	13	32	2	9	4	34	114	5	9	3	30	5	50	21	33	38	2	24	121	5	27	40	73	57	15	7	5	2	43	7	58	8	52	27	9	20	10	3	21	1	61	27	8	11	20	2	10	23	12	3	15	7	24	57	43	7	32	40	4	2	26	33	24	34	12	27	14	19	190	12	30	11	24	2	45	25	12	17	46	100	62	21	2	18	18	2	23	17	10	11	17	2	4	3	7	6	52	2	11	26	4	9	21	2	17	28	22	27	4	36	17	6	55	2	35	15	14	1	9	14	15	10	11	30	5	28	27	23	5	11	2	19	5	18	4	20	2	18	43	2	15	4	3	13	9	24	5	13	69	13	5	15	5	13	3	12	3	30	11	5	10	42	7	6	3	3	6	20	5	4	3	4	21	13	22	4	5	6	3	40	11	25	17	9	13	5	21	13	3	77	12	31	7	31	13	11	26	7	4	22	11	15	8	4	17	12	8	16	30	1	2	13	2	8	25	25	17	16	20	13	5	22	5	4	5	18	4	2	8	2	2	13	13	22	47	21	4	3	14	22	4	42	1	3	8	19	9	47	3	5	3	1	8	4	13	12	7	20	5	6	10	2	73	15	6	22	10	9	33	6	7	15	11	10	1	6	28	11	1	11	1	9	40	10	34	3	7	9	10	2	5	30	12	9	4	4	20	11	1	1	2	4	8	2	3	11	1	5	14	5	4	29	12	385	7	14	2	4	4	20	5	13	1	2	1	2	18	5	15	2	2	14	1	21	4	7	25	3	12	29	1		war
1946.txt.utf-8.txt	176	5	80	8	16	29	25	2	24	44	6	1	286	16	523	85	83	11	8	52	3	191	16	25	495	27	73	93	3	22	50	24	13	24	6	108	85	5	31	10	26	28	2	8	4	10	4	4	5	111	20	21	285	36	139	49	6	5	23	9	270	19	12	96	54	1	1	7	103	30	17	40	2	122	3	106	111	33	1	142	2	1	4	63	76	46	156	32	16	55	7	9	87	2	7	24	2	147	9	6	72	13	7	40	121	6	37	7	30	51	4	14	27	7	49	14	15	3	21	6	25	64	11	229	4	3	3	205	1	8	2	31	4	25	19	18	17	2	3	15	20	2	56	45	6	26	4	86	3	7	18	37	2	14	1	4	21	90	5	32	16	17	173	1	7	22	43	23	3	88	15	21	29	1	1	14	3	47	65	6	2	55	46	20	6	4	33	3	49	3	134	4	6	3	32	33	121	6	6	16	5	65	16	1	50	58	9	35	5	3	5	4	4	1	5	7	100	20	42	9	7	1	16	12	2	11	2	4	4	20	27	9	1	16	4	8	37	72	3	5	13	58	2	4	4	21	7	10	9	3	30	5	28	21	33	38	52	24	4	5	9	40	73	57	15	7	3	2	3	7	42	8	3	27	5	7	4	12	21	38	9	10	8	6	2	1	3	17	34	2	5	7	26	57	43	7	4	40	2	2	26	17	27	2	42	3	2	8	45	4	88	11	6	6	45	5	19	4	46	100	62	21	2	4	2	2	23	17	20	91	17	2	2	2	4	4	100	8	9	7	4	9	21	4	17	28	22	3	2	35	2	8	2	13	2	1	14	56	9	6	3	11	11	30	30	22	4	19	5	5	2	34	4	18	18	20	18	31	43	2	15	4	5	24	1	2	4	16	36	13	15	15	3	6	10	4	3	24	11	32	15	7	1	6	5	4	6	4	5	4	58	1	21	21	5	4	6	29	10	22	26	3	17	9	14	9	14	13	3	5	12	31	36	2	2	11	6	5	4	6	11	6	8	4	6	14	8	16	3	1	6	2	2	8	25	2	17	16	20	5	5	22	5	4	5	18	4	2	8	2	20	13	13	22	47	21	4	2	4	22	4	42	1	6	12	24	3	3	10	5	4	1	2	1	13	12	3	11	10	16	23	11	73	15	2	22	10	9	33	2	9	15	54	12	15	6	35	11	5	11	90	9	40	10	34	2	3	2	2	2	5	77	5	9	2	4	2	53	2	7	2	119	8	2	3	4	1	27	14	2	4	12	2	385	7	14	2	5	4	9	5	13	37	3	1	3	18	5	15	6	2	2	25	21	4	7	15	3	10	1	1		war
25038.txt.utf-8.txt	58	5	6	9	7	5	25	1	48	3	5	1	7	2	63	10	2	5	5	15	3	24	16	25	102	1	10	6	8	3	4	24	4	24	73	5	56	5	2	14	2	28	9	2	4	4	4	3	6	137	20	21	55	17	36	49	6	5	16	6	5	3	2	59	16	1	5	3	10	30	8	3	2	11	1	106	4	2	6	24	6	3	2	63	47	1	20	3	16	31	7	34	8	2	7	4	3	5	2	6	2	13	2	7	1	5	4	7	30	16	4	14	9	7	4	14	15	6	21	6	4	2	11	2	4	2	2	205	14	2	10	31	5	3	1	18	8	2	3	3	3	2	2	5	1	2	7	3	5	4	9	1	2	3	1	2	6	10	1	2	1	4	3	1	4	4	6	23	3	15	15	2	4	7	1	2	1	4	3	1	2	2	42	9	5	4	2	3	2	7	1	4	4	6	32	33	3	8	6	2	10	5	4	1	2	58	4	2	2	3	2	4	2	1	1	2	6	5	3	1	2	2	1	3	2	2	4	3	4	21	1	16	1	3	4	8	4	4	3	5	13	11	2	3	4	21	5	10	9	3	2	16	4	2	33	2	52	2	10	3	3	2	5	11	15	7	3	2	3	7	42	3	2	27	4	1	4	1	4	38	4	10	2	6	2	1	3	7	3	2	5	2	2	1	43	7	1	2	2	2	26	2	27	2	5	1	2	8	11	1	4	1	13	2	45	8	1	4	3	100	7	7	2	3	6	3	23	17	2	6	17	2	2	2	5	2	4	8	2	6	4	6	21	4	2	28	6	3	6	35	2	8	2	13	2	2	2	2	8	6	2	11	11	3	30	22	4	19	5	6	2	34	2	2	6	20	2	31	3	3	1	4	5	24	1	6	4	6	12	13	15	1	1	3	1	2	3	24	11	7	6	1	1	6	5	4	2	4	2	4	58	1	4	2	5	4	2	6	10	3	1	3	2	9	1	9	14	13	2	3	1	31	36	1	2	11	2	2	4	4	2	1	1	4	2	14	8	16	2	5	6	1	9	6	3	2	4	16	1	5	2	4	5	4	5	2	4	3	8	2	1	13	4	22	3	21	4	2	4	22	4	42	1	2	3	14	3	3	3	5	3	1	2	1	13	12	3	5	2	16	23	1	5	15	2	22	10	2	2	2	9	2	54	2	15	6	2	11	5	11	90	9	1	10	34	2	3	1	2	2	5	5	5	9	2	4	1	53	2	7	4	119	2	2	3	3	3	27	1	2	5	2	2	385	2	14	2	5	4	9	5	13	2	3	1	4	3	5	15	6	2	2	1	21	4	7	15	3	2	1	1		war
2600-0.txt	602	5	21	18	3	30	4	1	530	30	10	50	775	45	386	60	68	143	20	239	57	270	86	2	810	34	262	164	42	24	2	106	62	48	770	88	783	6	69	19	68	125	265	2	1	52	13	3	33	894	8	9	242	20	215	24	30	5	95	15	663	70	2	384	229	60	67	431	126	114	129	67	2	13	53	227	140	19	53	320	60	37	17	123	310	48	349	25	22	258	40	677	92	45	30	27	71	182	38	13	331	32	23	17	223	21	14	7	88	191	21	28	296	18	90	44	26	40	29	20	203	179	7	137	12	19	2	49	144	16	37	55	34	86	112	104	10	28	4	15	250	14	177	84	17	31	85	37	140	114	46	60	25	30	20	5	37	109	33	33	66	1	195	37	51	84	83	144	93	106	26	34	13	31	13	40	102	44	35	24	27	14	161	215	18	26	15	4	47	30	142	6	11	86	77	89	261	280	327	26	76	171	55	82	62	55	42	33	94	52	60	11	16	10	13	30	114	8	71	13	46	45	58	7	14	6	17	17	21	223	55	2	12	49	6	47	46	107	2	19	15	28	14	6	31	44	61	10	23	9	21	7	8	54	40	41	27	21	218	45	27	19	28	82	41	28	8	3	15	30	216	2	51	3	45	103	8	24	31	15	24	27	1	6	19	18	52	32	20	11	9	32	94	1	65	7	11	24	21	7	3	31	45	2	49	34	12	19	217	14	133	16	44	29	23	25	15	39	2	16	88	45	42	25	13	89	23	56	26	66	133	2	8	13	5	26	140	6	4	46	28	6	5	20	16	15	4	96	14	203	14	17	16	17	32	43	5	7	8	23	12	26	14	46	11	177	22	12	29	20	4	25	11	29	7	31	12	31	37	10	8	33	40	3	37	26	7	31	116	9	8	12	60	57	29	33	41	41	62	25	17	27	9	5	11	17	30	48	46	7	83	55	15	9	9	15	6	12	2	57	21	24	12	18	11	15	7	11	2	34	29	32	8	23	17	11	12	69	12	31	23	25	36	36	42	66	2	35	27	5	46	8	12	9	4	20	54	8	1	16	5	3	29	50	19	41	12	35	1	56	75	6	38	6	1	25	15	9	9	14	14	42	2	3	7	23	1	10	4	6	6	3	12	4	10	46	14	8	11	10	37	71	60	28	2	2	28	13	26	12	15	7	12	76	6	8	37	11	26	19	22	11	94	45	48	27	34	5	30	7	1	32	6	15	4	4	17	49	5	41	54	46	57	26	43	12	8	7	112	11	3	67	40	385	11	3	10	4	2	11	9	27	30	23	12	18	6	5	4	18	2	22	14	5	7	17	7	69	3	1	1		war
26716.txt.utf-8.txt	499	5	26	10	3	43	14	4	82	45	10	23	319	69	971	71	88	32	13	207	44	268	33	5	1198	68	369	272	62	26	20	1	21	47	137	184	432	39	99	37	16	22	100	21	4	13	15	3	27	833	19	9	16	93	200	246	82	64	51	17	276	110	59	430	166	13	1	43	149	9	46	65	36	54	109	2	79	9	7	237	5	23	21	18	210	31	328	72	48	496	7	181	104	2	30	181	114	205	3	74	87	39	25	9	111	53	48	26	72	122	24	28	231	9	19	34	3	80	24	22	29	28	7	98	49	19	24	115	89	2	47	25	40	29	22	169	14	62	4	6	11	26	123	165	18	5	36	7	73	15	133	9	14	30	3	3	9	29	48	110	10	22	146	26	24	70	11	179	12	83	5	4	4	82	43	41	51	103	8	24	4	7	99	37	13	4	9	84	55	81	263	55	32	44	18	61	270	24	75	81	33	11	8	50	136	29	96	38	22	36	22	11	8	8	17	16	140	40	2	14	6	13	47	7	12	5	1	29	40	39	26	6	4	3	30	27	9	50	60	133	7	44	9	15	31	12	20	14	13	24	15	20	22	29	19	60	51	119	36	45	77	40	25	11	9	22	27	6	1	30	103	46	34	12	26	18	11	83	20	17	16	8	1	17	18	7	5	64	30	7	28	19	40	3	23	18	23	19	16	3	10	32	100	21	37	3	12	17	59	19	151	14	5	36	3	11	168	14	12	16	172	94	8	25	13	8	10	19	52	63	18	13	23	8	2	17	106	16	35	73	3	84	10	20	37	15	4	59	14	46	2	3	6	56	3	14	10	6	18	74	9	26	5	21	17	70	6	17	10	20	6	82	6	9	65	46	11	2	28	3	1	2	4	16	11	26	27	30	39	44	8	14	34	48	20	28	1	149	12	28	22	15	6	1	9	35	38	3	46	15	30	7	14	34	12	7	10	16	8	219	8	21	5	18	9	13	18	51	10	55	61	24	10	7	36	2	97	4	4	23	2	10	36	5	27	23	3	1	5	6	20	3	14	25	1	9	4	5	1	19	10	25	11	4	19	90	13	70	4	17	7	20	38	11	7	8	10	17	15	22	67	42	32	3	3	15	21	19	5	5	9	4	5	19	23	46	4	27	8	10	7	2	11	2	1	29	28	43	2	32	32	12	25	19	2	7	25	3	21	20	20	11	16	7	19	30	34	2	1	7	2	97	9	15	38	5	15	124	12	19	54	106	10	4	10	6	5	39	17	17	3	12	3	385	23	37	2	13	2	11	8	22	3	3	1	76	6	7	3	4	36	32	37	4	21	17	58	69	5	9	8		war
27681.txt.utf-8.txt	142	7	30	3	3	12	3	11	66	10	10	17	155	67	153	33	4	15	28	85	20	45	46	13	307	27	114	63	12	6	16	1	3	47	335	78	65	7	9	31	39	7	29	2	4	15	5	3	28	379	28	4	152	5	34	5	5	64	6	8	149	14	3	180	23	14	2	74	79	22	18	15	16	33	1	4	8	9	3	58	58	1	19	6	131	15	145	9	48	194	13	15	6	58	3	10	17	68	17	9	199	11	67	24	30	36	18	26	17	42	24	14	33	2	3	12	10	19	24	13	73	33	3	8	2	25	3	8	43	29	7	28	4	2	14	13	14	3	4	10	22	25	66	79	2	9	7	6	48	15	13	10	6	16	3	14	16	2	46	6	32	18	71	5	6	32	2	31	22	26	5	28	20	1	26	44	7	7	47	24	6	25	15	54	8	17	4	5	41	44	26	14	32	56	5	31	24	136	23	5	32	22	33	13	14	81	17	5	22	16	20	11	12	6	23	16	58	16	26	9	2	20	67	7	7	11	1	19	38	11	41	54	10	25	11	21	33	1	2	133	16	40	4	25	5	20	47	47	13	24	15	4	3	16	4	22	1	119	11	10	5	10	7	78	21	11	27	30	1	5	16	12	62	2	2	14	21	37	9	17	11	17	4	12	1	13	7	30	3	18	19	12	6	3	23	8	36	7	2	2	10	1	34	21	8	5	12	2	161	19	48	30	5	7	6	11	1	12	12	16	27	10	47	25	4	13	10	26	39	13	24	7	8	6	2	14	41	3	2	25	6	4	1	12	13	15	4	145	7	67	19	19	6	1	20	20	6	10	19	5	12	38	5	31	4	6	6	1	6	16	22	82	5	2	65	2	19	2	5	11	13	11	1	23	7	4	27	5	98	58	8	1	8	40	12	4	1	5	6	4	10	8	3	5	7	3	31	9	46	15	30	7	6	3	24	2	13	3	9	31	21	1	7	28	2	1	16	11	16	9	16	24	3	23	20	8	1	4	4	17	6	8	2	14	21	23	85	6	38	15	1	2	39	25	1	8	8	3	16	14	2	11	2	19	19	21	1	3	4	7	4	10	38	23	1	4	1	2	3	20	2	42	1	2	5	16	3	3	3	5	3	1	2	3	7	1	9	8	17	10	8	4	11	6	7	26	8	4	2	4	2	15	25	3	2	8	63	3	3	2	20	1	1	7	1	30	34	10	9	24	8	7	3	3	7	9	2	2	10	19	54	5	8	9	10	2	7	3	21	34	3	2	10	385	6	37	2	6	2	4	9	8	25	3	21	76	6	40	3	4	2	3	1	4	17	2	6	44	36	9	8		war
32032.txt.utf-8.txt	23	5	30	3	3	4	3	1	53	3	10	2	12	67	5	2	4	1	28	4	20	4	1	13	61	27	16	63	12	6	16	1	3	47	335	2	81	7	9	7	39	7	20	2	4	15	5	3	28	29	28	4	152	2	7	5	5	64	10	8	6	14	3	15	6	14	16	2	7	22	18	15	16	4	3	4	8	5	3	32	58	17	10	6	21	1	41	4	48	8	4	5	6	58	4	6	1	68	17	9	1	11	1	24	1	36	4	26	14	9	24	14	3	2	3	2	10	19	24	13	3	2	3	8	2	6	1	2	7	29	7	28	4	2	14	6	14	3	4	10	22	25	15	79	2	9	4	6	6	15	9	2	6	1	3	14	1	1	46	6	32	2	8	5	6	32	2	9	22	2	4	28	20	2	2	44	1	7	47	24	6	25	1	8	8	17	4	5	41	44	4	2	32	56	5	31	6	18	23	5	7	22	33	3	14	81	3	5	22	16	20	11	12	6	5	16	58	16	26	9	2	20	67	7	7	11	7	19	10	5	41	11	10	25	11	21	33	2	2	133	16	9	4	3	5	20	47	47	13	24	15	4	3	16	4	22	1	2	4	10	5	10	7	4	21	11	27	30	1	5	16	12	62	2	2	14	21	37	9	17	1	3	4	12	1	13	7	30	3	3	19	2	6	3	23	8	36	2	2	2	10	1	34	21	8	5	12	2	7	19	48	30	5	7	6	11	1	12	3	16	4	10	2	25	4	13	10	26	39	8	24	7	8	6	2	14	1	3	2	7	6	4	1	12	13	15	4	145	7	67	4	19	6	3	20	20	6	10	19	5	12	38	5	31	4	6	6	1	6	2	22	4	5	2	1	2	19	2	5	11	13	11	1	23	7	4	27	5	10	58	8	1	8	2	3	4	1	1	6	6	5	1	3	5	7	3	2	9	46	15	30	7	6	3	24	2	13	3	9	31	21	1	7	28	1	1	16	11	16	7	16	24	3	2	20	8	2	4	4	17	6	1	2	14	21	23	85	6	38	15	1	2	39	25	1	8	8	3	16	14	2	11	2	19	19	21	1	3	4	13	4	10	3	14	1	4	1	2	3	20	2	42	1	2	3	12	3	3	3	5	3	1	2	3	7	1	9	8	17	10	8	2	6	6	7	26	8	4	2	4	2	15	25	3	2	8	63	3	3	2	20	1	1	7	1	30	34	1	9	24	1	7	3	3	7	9	2	2	10	4	54	5	8	9	10	1	7	3	21	34	3	2	1	385	6	37	2	6	2	4	9	8	25	3	21	76	2	40	3	4	2	3	1	4	17	2	36	31	36	9	8		war
32530.txt.utf-8.txt	65	5	4	3	3	5	3	1	10	3	4	2	6	10	77	5	8	1	4	14	20	2	1	13	92	9	21	10	12	2	16	1	5	47	335	5	25	7	9	13	39	7	9	2	4	3	5	3	11	57	28	2	14	1	24	21	5	10	14	8	15	9	1	15	17	14	21	8	11	3	4	15	16	2	3	4	8	12	3	21	58	8	6	3	60	4	42	6	3	26	4	5	3	2	4	4	1	2	5	31	1	11	4	24	10	2	12	26	17	9	24	10	1	23	3	2	10	6	24	4	3	1	3	3	2	1	4	4	3	29	9	28	3	6	14	6	14	3	4	10	6	25	22	5	2	9	3	6	2	3	20	2	6	1	3	14	1	1	46	6	5	16	11	5	6	5	2	5	4	3	3	3	20	2	2	2	1	7	2	1	2	1	13	7	2	17	4	10	41	44	3	2	32	56	5	31	15	3	2	2	12	22	33	4	14	3	4	5	22	16	1	11	12	6	3	16	7	16	26	9	2	2	1	7	7	1	1	5	1	28	5	11	10	25	11	2	33	11	2	3	16	23	1	3	5	3	6	47	13	24	15	3	14	16	4	22	5	5	7	10	3	10	7	4	1	11	27	30	1	5	7	12	62	2	17	3	21	37	9	17	1	4	4	12	1	13	7	4	1	3	19	3	10	3	23	8	36	7	2	2	10	1	3	21	5	5	12	2	10	3	8	30	9	7	2	5	3	12	3	16	41	6	2	25	3	2	10	10	39	14	24	1	8	6	4	1	7	3	2	7	6	4	1	12	13	15	4	17	7	2	14	19	6	3	2	2	6	10	17	4	1	8	5	31	7	1	6	1	5	3	2	2	1	2	4	2	6	2	5	11	13	11	1	1	7	4	27	5	6	58	8	1	8	2	3	4	1	1	6	3	7	6	3	5	7	1	4	9	46	1	1	7	2	1	24	2	13	8	9	31	21	1	5	28	4	3	16	1	1	8	2	1	2	6	20	8	2	4	4	17	6	1	2	14	21	23	85	6	38	15	1	7	7	25	1	8	8	3	16	14	2	11	2	19	19	21	19	3	4	1	4	10	3	14	1	4	1	2	5	20	2	65	1	2	6	12	3	3	3	5	3	7	2	3	7	1	9	2	5	10	8	1	6	6	7	26	8	1	4	4	2	15	25	3	2	8	15	3	3	2	20	1	1	7	1	1	6	1	9	24	1	2	3	3	7	4	2	2	10	4	54	9	1	9	2	1	7	16	4	34	3	2	1	385	6	37	16	2	2	4	9	8	25	3	2	4	2	40	3	4	2	3	4	4	17	2	19	31	36	9	11		war
3285-0.txt	270	5	62	1	1	8	3	1	86	7	9	12	205	45	395	97	16	38	45	80	30	36	45	13	522	3	263	76	2	19	10	1	12	3	697	105	201	5	7	25	32	17	29	2	4	17	6	3	9	619	8	2	92	2	92	6	15	10	17	22	242	29	4	271	54	22	26	20	96	23	83	39	50	13	1	104	81	17	6	70	36	17	9	12	118	23	124	21	2	250	26	96	23	18	2	18	9	84	7	15	169	14	66	13	43	172	28	10	62	97	3	21	61	1	2	8	13	13	24	21	141	22	11	101	2	16	5	33	49	16	7	14	46	2	26	95	1	10	4	5	14	37	90	95	1	10	18	32	60	3	16	4	10	7	3	8	86	29	48	22	11	37	128	5	43	41	1	43	15	26	8	22	4	16	45	29	17	72	37	1	8	26	26	95	3	26	1	4	59	61	44	18	5	84	2	24	104	76	34	7	53	13	24	5	19	120	20	18	1	27	17	11	10	5	9	5	71	16	31	9	10	8	44	7	23	17	6	19	32	32	52	21	75	36	6	14	19	6	4	1	24	21	2	14	2	10	70	20	13	24	7	6	28	4	6	5	3	10	14	4	10	4	27	96	42	7	27	25	1	3	32	14	45	2	2	20	24	2	26	1	5	43	2	20	1	13	7	42	13	4	25	14	36	1	8	17	26	4	3	2	10	6	18	3	18	10	7	2	119	8	124	11	6	22	11	27	3	30	2	16	4	2	12	25	17	9	13	48	9	32	12	24	1	23	4	13	33	49	4	21	32	8	13	12	6	15	3	149	1	47	4	15	6	3	20	16	4	30	39	6	6	41	3	17	9	22	4	18	6	17	28	4	5	2	4	10	9	5	2	7	3	5	3	50	18	4	11	5	58	20	1	3	8	33	1	23	1	18	6	20	12	14	3	23	4	4	30	8	46	3	3	7	6	4	7	5	7	10	4	29	9	2	13	19	3	20	4	66	1	8	6	1	1	12	6	16	4	2	4	13	12	12	3	6	61	17	42	3	13	43	1	1	26	25	1	3	14	9	6	28	4	8	2	4	19	22	3	5	1	1	3	4	3	2	7	8	6	2	6	4	8	42	1	5	6	18	3	6	8	5	5	1	2	3	9	4	5	11	15	13	8	20	1	3	6	4	8	3	4	4	1	25	25	11	11	6	14	3	5	24	2	6	1	12	6	1	1	1	11	8	51	9	2	2	7	5	9	1	17	4	2	9	13	12	11	1	9	16	48	10	3	2	4	385	9	1	16	15	2	4	21	2	7	6	3	4	1	4	19	4	7	3	4	4	3	2	19	31	21	5	11	142	war
35461.txt.utf-8.txt	311	5	8	11	1	16	3	13	31	10	2	1	92	14	632	14	38	5	8	87	8	33	10	13	239	14	38	63	11	3	1	1	2	2	62	32	28	1	9	43	2	21	40	2	1	3	31	7	81	162	1	4	12	9	72	79	15	62	37	22	172	26	22	7	33	8	5	16	9	3	5	35	50	16	35	104	5	17	5	108	5	7	9	12	19	2	193	7	2	38	6	68	11	18	7	9	2	29	6	7	64	11	4	1	39	4	27	10	14	63	16	4	47	6	2	2	1	8	40	31	8	38	3	1	33	14	24	45	6	16	44	2	20	2	15	10	2	3	4	5	11	3	37	134	12	1	13	32	60	11	47	4	18	2	3	8	86	29	48	29	9	112	93	31	10	2	3	93	14	3	8	22	4	8	3	29	6	1	10	1	8	3	2	11	3	10	6	4	3	7	19	12	5	84	2	2	66	2	15	14	11	13	24	3	4	30	128	1	5	7	3	11	10	1	11	14	33	9	31	9	10	4	16	3	5	6	6	17	19	89	14	21	3	24	18	3	8	10	24	1	6	31	1	3	2	1	10	8	13	3	6	6	50	8	10	12	19	9	14	4	3	3	11	96	3	3	2	90	5	29	14	6	11	2	165	11	2	12	26	1	3	3	2	20	2	13	2	15	19	4	25	9	40	5	6	17	6	5	1	26	9	1	4	3	29	10	3	2	10	31	30	11	21	13	11	15	33	34	2	16	3	4	1	2	2	3	13	45	4	31	4	48	21	10	3	1	20	49	7	26	32	3	13	8	1	15	3	149	9	19	1	3	2	7	20	5	4	8	80	26	2	4	3	2	9	22	2	5	1	10	16	19	5	2	27	7	29	8	8	7	2	13	1	13	18	1	2	65	22	1	4	3	3	44	5	1	11	5	6	21	10	7	4	23	4	4	12	5	46	6	14	7	6	15	6	4	9	6	2	15	6	1	13	19	1	1	11	66	1	8	3	3	15	3	6	7	5	2	4	3	4	7	3	6	3	9	2	3	13	21	18	14	14	14	7	3	2	9	4	5	5	1	4	4	19	2	19	14	2	11	39	6	3	8	7	4	32	21	15	4	90	42	6	4	3	17	4	6	3	5	3	25	2	50	2	4	1	4	4	13	20	20	1	2	2	4	5	4	4	14	4	25	2	11	11	9	20	28	5	24	5	6	1	12	6	1	26	1	2	15	51	20	17	2	4	5	4	1	17	22	2	213	13	12	2	2	9	69	2	5	3	6	9	385	3	7	39	17	2	5	20	3	8	53	7	5	1	4	19	3	19	3	3	1	5	2	15	1	5	5	19	142	war
36.txt.utf-8.txt	132	5	2	11	5	9	3	2	82	3	26	1	13	21	63	5	6	34	8	26	8	210	13	3	100	6	15	7	11	3	1	1	2	2	17	7	31	1	9	6	2	8	90	1	4	4	31	3	81	193	1	4	2	26	27	79	15	2	39	1	106	21	22	86	55	28	11	24	6	16	45	9	50	25	1	104	5	2	3	48	4	11	59	4	42	9	128	13	4	83	7	73	13	18	7	9	4	3	3	4	3	11	25	12	1	3	9	10	24	86	28	15	32	27	5	2	2	4	2	31	5	20	3	3	3	15	1	2	51	2	44	2	10	1	4	4	5	12	3	2	31	1	54	69	12	1	29	32	24	11	18	10	4	3	3	8	1	3	1	7	7	11	6	2	5	4	12	26	14	11	1	6	4	4	3	2	4	16	2	13	1	2	8	19	4	5	3	4	12	7	5	12	5	5	6	2	25	56	15	3	31	6	24	17	4	7	22	3	7	7	4	2	3	1	3	14	6	8	31	6	10	6	2	3	5	1	4	1	12	23	2	13	3	14	18	3	8	11	1	2	3	9	1	3	2	1	1	8	2	3	1	6	10	28	10	12	10	9	12	4	3	3	11	7	3	6	5	11	1	26	10	1	7	2	3	14	8	12	2	2	3	5	2	20	6	13	2	15	4	2	5	4	4	5	6	17	3	4	1	26	9	1	3	3	9	10	3	2	6	5	2	3	5	9	11	8	33	34	11	5	80	20	4	2	8	22	13	7	4	11	5	6	3	12	1	2	2	49	7	26	32	1	13	3	1	15	3	8	9	4	3	3	4	7	20	7	4	8	8	10	2	4	4	8	9	22	2	5	1	10	2	19	5	2	10	7	29	8	8	8	6	13	1	6	18	1	2	7	7	1	4	3	3	13	5	1	11	1	6	7	6	10	4	23	2	4	4	5	46	1	14	7	21	15	5	4	5	9	4	15	6	1	5	2	1	2	2	66	16	13	2	3	15	3	6	1	5	2	4	3	4	1	3	6	4	14	1	6	13	4	6	5	19	10	2	2	2	9	8	4	2	1	4	1	19	2	19	1	2	11	17	1	9	2	3	4	2	2	1	2	90	42	1	2	3	12	3	3	3	5	3	1	2	50	3	4	1	6	4	13	16	3	20	2	1	4	5	2	4	6	4	25	2	4	11	9	7	28	5	24	5	6	3	7	6	1	2	1	2	4	3	3	6	2	4	5	9	2	17	7	2	3	13	12	13	21	5	6	2	5	3	6	9	385	3	7	39	2	2	5	2	7	8	53	9	3	1	1	19	3	7	3	1	10	5	2	25	1	2	4	19	142	war
375.txt.utf-8.txt	14	5	2	11	5	5	3	2	15	3	1	1	1	7	3	2	2	34	8	26	8	3	13	3	36	6	1	7	11	3	1	1	2	2	17	7	9	4	9	2	2	1	4	1	4	4	31	3	81	2	1	4	2	26	2	79	15	2	8	1	106	21	22	8	4	28	1	3	4	16	45	9	2	25	1	104	5	2	3	4	4	11	59	1	8	9	8	3	4	13	7	6	13	18	7	1	4	3	3	2	1	11	1	12	1	3	4	10	3	3	28	15	3	27	5	2	2	4	2	31	5	3	3	3	3	15	1	2	3	2	3	2	10	1	4	4	5	12	3	2	3	1	2	69	1	1	29	32	24	2	9	5	4	3	3	8	1	3	1	1	1	1	2	2	5	1	12	26	8	5	1	1	4	4	3	2	4	16	2	13	1	2	13	1	2	5	3	4	3	7	5	12	5	3	6	2	25	1	1	3	31	6	24	17	4	3	22	3	7	1	4	2	3	1	1	14	6	8	31	6	10	6	2	3	5	1	4	1	12	2	1	3	3	14	18	3	8	1	1	2	3	9	1	4	2	2	1	8	2	3	1	6	3	28	10	12	10	9	12	4	3	3	11	1	3	6	5	11	1	26	10	1	7	2	3	1	8	12	2	2	3	5	2	20	1	13	2	15	4	2	5	2	4	5	6	17	3	1	1	26	9	1	3	3	9	10	3	2	3	5	1	3	5	9	11	8	33	34	11	5	80	20	4	2	8	22	13	7	4	8	5	1	3	1	1	2	2	49	7	26	32	1	13	3	1	15	3	1	9	3	3	3	4	7	20	7	4	8	8	1	2	4	4	8	9	22	2	5	1	10	2	19	3	2	10	7	29	8	8	8	6	13	1	6	18	3	2	6	6	1	4	3	3	13	5	1	11	1	6	7	5	3	4	23	2	4	4	5	46	2	14	7	21	15	5	4	3	3	4	15	6	3	5	2	1	2	2	66	16	5	2	3	15	3	6	1	5	2	4	3	4	1	3	6	4	14	1	6	13	4	6	5	2	10	2	2	2	9	8	4	2	1	4	1	19	2	19	1	2	11	17	1	2	2	3	4	2	2	1	2	90	42	1	2	3	12	3	3	3	5	3	1	2	50	3	4	1	6	4	13	16	1	20	2	1	4	5	2	4	6	4	1	2	4	11	3	7	28	5	24	5	6	3	7	6	1	2	1	2	4	3	1	6	2	4	5	2	2	17	7	2	3	13	12	13	21	5	6	2	1	3	6	9	385	3	7	39	2	2	5	3	7	8	53	9	3	1	1	19	3	7	3	1	10	5	2	1	1	2	4	19	142	war
3796.txt.utf-8.txt	98	5	2	19	20	3	3	2	57	5	1	3	43	7	105	14	3	39	2	51	7	79	13	3	196	6	78	14	6	8	3	8	4	2	120	2	150	4	9	2	6	4	19	8	9	5	31	3	2	623	1	4	2	63	34	79	15	2	32	1	74	10	22	134	29	6	10	3	14	5	25	9	2	25	14	25	11	8	4	27	10	5	15	17	26	49	92	4	9	32	7	71	1	11	1	15	9	5	3	7	2	11	36	12	4	29	5	10	2	32	28	15	14	1	18	2	2	8	6	31	22	13	2	35	7	15	1	2	23	2	2	11	54	26	19	10	26	14	3	12	66	3	17	12	1	2	19	5	44	36	15	30	19	3	3	8	9	24	30	2	1	1	20	7	4	3	22	54	4	4	4	1	2	4	2	2	13	26	2	21	4	11	4	26	2	4	7	1	58	7	76	3	1	6	67	4	22	18	54	10	15	8	5	26	6	2	10	3	5	5	25	6	1	10	1	14	30	8	10	6	8	2	4	2	7	4	3	8	5	38	11	3	3	3	8	2	4	13	8	9	6	9	1	6	11	5	20	8	2	3	11	6	7	1	9	5	5	8	90	2	5	34	3	1	3	1	1	17	1	1	10	1	10	37	1	1	3	3	9	1	10	5	20	20	1	16	1	17	4	2	5	5	5	5	2	17	3	12	1	26	9	1	4	1	2	10	3	9	27	5	4	4	9	9	10	1	33	5	10	29	44	17	4	12	10	17	2	6	4	8	2	4	3	2	10	2	2	49	2	3	32	1	13	4	1	15	8	1	4	3	11	2	5	2	46	2	15	8	8	2	2	14	8	5	1	6	12	5	1	32	2	19	3	7	10	1	7	8	22	8	5	1	5	6	18	6	2	5	19	2	4	3	3	9	5	1	11	1	4	7	5	7	4	23	2	4	2	1	46	5	14	7	6	2	5	1	4	5	4	1	6	1	6	2	2	5	5	6	4	5	5	24	2	3	8	1	9	4	4	1	2	4	3	6	2	14	7	1	13	6	6	5	2	10	3	5	2	9	8	2	2	17	4	1	19	33	19	1	4	11	8	2	1	2	3	5	4	2	1	1	3	42	4	2	3	12	3	4	3	5	3	1	2	2	12	4	1	2	4	13	16	5	8	2	2	3	5	2	4	6	4	14	8	5	11	1	7	7	5	24	5	2	2	7	6	1	1	1	4	4	4	3	3	2	2	5	39	1	17	7	9	2	13	12	7	4	17	6	2	1	4	6	4	385	3	3	39	2	2	2	3	8	8	53	5	4	5	1	19	3	1	11	1	4	2	2	1	1	2	4	19	142	war
38535.txt.utf-8.txt	134	5	8	4	3	8	3	4	29	10	1	4	182	3	359	24	37	10	10	21	3	10	13	3	404	17	147	118	1	5	2	8	13	6	12	44	119	4	13	2	6	3	3	8	9	1	9	15	13	98	2	4	25	2	98	155	8	2	27	1	74	10	9	15	28	4	2	3	34	32	8	38	1	12	10	25	2	8	2	132	10	5	15	17	12	49	168	38	9	20	21	7	15	11	6	9	7	73	2	2	35	7	8	12	37	28	23	6	7	19	14	15	71	2	18	1	2	8	34	6	3	3	2	11	22	5	18	201	23	2	19	3	8	2	25	53	26	8	3	3	1	3	13	79	5	1	10	5	4	6	75	30	2	18	3	3	8	24	4	110	12	3	40	100	4	3	4	38	5	5	4	1	2	11	23	2	6	1	15	21	4	4	7	17	3	5	6	4	58	26	13	11	3	3	2	7	129	18	20	7	10	4	5	26	59	7	25	2	7	20	25	1	2	10	3	6	32	8	10	1	8	8	34	2	8	4	1	5	13	27	7	3	3	23	8	2	10	32	5	9	6	75	1	7	11	5	4	7	3	17	2	6	26	4	11	5	31	3	90	2	7	6	6	5	3	1	9	1	1	6	66	3	12	37	188	5	3	3	9	17	10	2	20	2	1	16	1	17	4	2	1	4	24	2	2	3	3	11	3	42	5	8	25	1	10	9	3	2	31	7	62	4	13	48	10	4	173	47	10	29	4	4	3	19	10	1	2	24	2	189	9	3	3	2	40	37	24	3	10	19	2	1	13	4	1	15	8	4	6	8	6	1	5	74	1	2	2	8	6	40	1	3	8	5	14	26	12	4	1	4	7	70	3	7	34	3	33	8	2	3	5	13	5	2	18	6	13	72	36	24	55	3	12	22	19	1	6	29	4	16	17	5	2	23	2	4	15	3	46	3	14	7	2	40	5	1	6	9	4	15	6	1	6	2	4	4	3	9	4	5	5	24	18	4	1	1	26	4	4	4	2	4	4	6	2	16	7	1	13	6	33	1	3	10	3	5	2	9	8	5	17	6	4	1	19	33	3	1	4	11	13	2	1	2	2	4	4	2	1	1	116	42	145	15	6	12	6	6	6	5	5	135	2	2	1	4	3	2	1	4	2	5	7	2	2	3	5	29	3	4	9	4	8	4	19	7	14	18	11	24	2	2	2	7	6	1	50	1	4	4	4	29	2	2	2	5	39	20	1	27	9	311	13	5	7	11	17	18	6	3	4	33	4	385	3	11	290	12	2	9	5	33	12	3	13	16	5	1	19	3	4	3	6	4	3	2	2	1	9	4	130	142	war
39588.txt.utf-8.txt	36	5	3	4	1	3	3	4	47	3	6	2	31	9	25	2	37	84	10	8	3	16	13	3	75	17	11	3	1	1	2	8	1	6	14	1	36	4	3	2	3	3	7	8	9	1	9	3	13	22	2	4	11	4	4	6	8	2	11	2	17	2	9	14	14	4	9	32	15	32	9	38	1	2	10	3	5	5	2	10	1	5	15	3	26	49	52	5	2	9	21	45	15	2	6	1	7	73	2	2	1	7	23	12	4	2	4	6	2	16	14	1	71	1	18	1	2	8	34	6	3	3	2	2	22	5	1	5	19	2	19	3	8	6	3	53	4	8	3	3	1	3	25	13	5	1	11	5	12	3	19	8	2	1	3	3	8	24	1	3	3	1	2	3	4	3	10	4	6	5	4	1	4	1	8	2	6	1	15	21	3	3	14	14	3	1	6	4	3	26	13	11	3	3	2	7	129	8	2	7	11	4	5	11	59	5	25	2	7	20	1	1	2	10	1	6	32	8	1	1	8	3	2	2	5	4	1	5	13	3	6	2	3	23	8	2	10	1	5	9	6	10	1	3	3	5	1	1	3	17	2	6	4	4	11	6	31	5	90	4	7	6	6	3	3	1	9	1	1	4	66	3	12	37	2	5	4	3	9	17	10	2	4	2	1	16	1	17	4	7	1	2	24	3	2	3	3	1	3	42	5	8	25	1	1	4	3	2	6	7	1	4	8	48	10	4	173	47	10	29	14	5	10	19	10	1	2	24	2	13	5	3	3	2	40	3	2	3	10	19	2	1	13	4	1	15	8	4	6	8	6	1	2	74	1	2	2	8	6	40	1	3	8	5	5	26	12	4	1	4	4	70	3	2	5	3	33	8	2	3	5	13	5	2	18	6	13	5	9	24	55	3	12	2	19	2	6	29	4	16	5	4	2	23	1	4	2	3	46	3	14	7	2	40	5	1	6	5	4	15	6	5	1	2	1	4	3	9	4	4	5	24	18	4	1	1	26	4	4	4	2	1	4	6	2	16	7	1	4	6	33	1	3	10	2	5	2	9	8	5	2	6	3	3	19	33	3	3	4	11	13	2	1	2	2	4	4	5	1	1	116	42	1	2	3	12	3	3	3	5	3	1	2	2	1	4	3	2	1	4	2	5	3	2	2	3	5	29	3	4	9	4	8	4	19	7	14	18	11	24	2	2	2	7	6	1	50	1	2	4	4	29	2	2	2	5	39	20	1	27	9	311	13	1	7	2	17	1	6	4	4	33	1	385	3	11	290	12	2	9	5	33	12	1	1	16	5	1	19	3	4	3	6	4	3	2	1	1	9	4	130	142	war
54604-0.txt	59	5	2	4	2	2	3	4	27	9	3	2	23	5	126	6	37	9	2	16	3	16	4	3	143	17	43	6	3	1	6	4	1	6	52	12	32	4	2	2	6	1	8	8	9	4	9	3	3	171	2	3	7	17	14	6	8	3	9	7	12	1	9	4	14	2	5	17	9	32	4	2	6	3	3	6	8	3	4	15	14	2	2	3	9	8	10	6	2	31	5	37	5	2	2	15	9	7	2	10	2	7	2	12	10	16	4	6	6	8	14	1	14	1	5	1	15	8	34	1	4	5	3	46	22	5	1	4	13	3	1	3	8	4	5	7	7	8	3	3	2	3	8	16	5	1	2	3	2	10	7	8	21	1	3	2	2	9	3	3	4	4	26	5	2	1	2	11	8	11	4	1	4	3	2	2	1	5	2	5	2	3	4	10	3	4	6	5	61	4	9	11	1	8	7	11	11	2	9	4	3	2	3	9	59	7	25	3	2	11	12	1	3	10	6	6	11	2	1	12	5	3	2	1	6	1	1	4	1	6	8	2	3	2	5	2	3	6	5	5	4	5	1	6	1	5	2	1	3	17	1	6	5	3	11	9	31	7	4	4	2	3	13	4	3	1	4	1	2	8	3	3	5	37	3	5	4	3	9	17	10	4	1	1	5	16	2	17	4	7	1	2	6	3	2	2	2	4	5	2	4	8	8	1	1	4	2	2	40	7	5	1	2	48	10	2	2	47	5	29	21	15	1	19	10	1	2	24	2	4	2	3	3	2	40	3	11	3	10	19	2	1	13	4	3	1	8	4	3	8	1	1	2	3	8	1	1	1	3	5	1	1	8	2	5	26	12	7	1	5	4	70	3	2	5	3	33	8	2	5	5	13	1	2	18	1	13	3	12	1	55	2	12	25	1	6	6	6	6	16	9	1	2	2	5	4	4	8	46	3	14	7	2	1	5	1	6	5	4	15	2	6	1	5	2	4	3	18	4	6	1	10	18	6	3	1	26	3	4	2	2	1	4	6	2	1	7	2	4	6	1	2	3	3	1	7	7	2	8	5	2	5	3	1	19	14	2	4	4	2	8	2	3	2	2	3	4	2	1	1	2	42	2	2	3	8	2	2	3	5	3	1	2	2	1	4	3	2	1	4	4	3	9	2	2	3	5	29	3	4	9	4	8	4	19	7	14	18	2	24	2	2	3	7	1	2	2	1	2	4	1	2	2	6	3	1	2	1	1	27	9	311	13	3	3	2	17	1	6	2	10	2	6	385	3	4	290	1	2	9	5	5	3	1	1	16	2	1	19	3	4	6	6	4	3	2	1	1	1	4	130	142	war
558.txt.utf-8.txt	20	5	3	1	1	3	3	4	64	3	3	2	40	4	51	9	3	21	2	11	3	31	8	3	82	17	45	5	3	9	2	4	1	6	54	4	54	4	1	2	8	1	4	8	9	4	9	3	4	111	2	1	7	31	37	6	8	1	19	9	33	1	9	46	32	5	2	16	1	32	9	22	6	2	1	6	10	2	4	20	3	17	6	5	27	5	38	5	2	25	2	55	4	2	2	5	5	2	3	10	7	7	6	2	12	14	7	6	6	27	3	3	3	1	8	2	15	6	1	1	4	8	3	85	22	3	2	4	17	3	6	4	3	14	2	3	5	4	3	3	6	4	19	8	5	1	3	3	3	10	17	2	21	3	3	2	9	2	3	2	4	10	20	1	4	10	17	9	8	6	3	1	4	17	2	2	8	4	2	4	4	6	11	7	3	4	6	7	7	11	9	11	1	8	7	2	7	4	6	4	15	2	2	18	6	3	7	5	2	11	2	1	3	10	1	6	9	2	1	2	1	3	3	3	3	1	3	4	4	22	2	2	3	1	3	2	3	4	10	5	4	9	1	3	7	9	18	1	3	17	4	6	7	7	2	2	13	7	6	4	2	3	5	3	3	1	4	6	2	3	3	8	6	37	1	1	4	3	9	17	7	4	1	1	3	4	2	7	4	7	3	2	6	3	2	1	2	11	5	2	1	1	8	1	1	4	2	3	16	7	4	1	8	2	10	2	2	47	2	3	41	9	2	19	4	2	2	24	8	10	2	6	3	2	7	1	4	3	10	19	2	1	13	1	3	2	19	5	3	2	1	1	6	1	8	1	13	1	31	5	1	4	8	2	5	1	12	1	1	3	4	70	3	2	5	3	33	8	2	1	3	13	1	2	18	4	13	5	11	1	55	2	12	25	1	2	6	6	6	16	9	14	2	1	1	4	2	8	46	3	14	7	2	4	5	1	6	3	4	15	2	5	1	5	1	4	3	18	4	9	1	10	18	1	3	1	26	3	4	1	2	4	3	1	2	2	7	1	4	6	1	3	5	3	1	7	7	2	8	5	2	5	3	2	19	14	2	4	4	2	3	2	15	4	7	3	3	2	1	1	2	42	1	2	3	12	3	3	3	5	3	1	2	2	1	3	3	2	1	1	1	1	4	1	2	3	5	29	3	4	9	2	2	4	19	7	14	18	2	24	2	2	3	7	2	4	1	1	3	4	1	2	2	2	3	1	3	1	1	27	9	311	13	3	5	2	4	2	6	2	8	2	8	385	3	5	290	1	2	9	5	11	3	1	1	16	2	1	3	3	5	6	6	4	3	1	3	1	1	4	1	142	war
73.txt.utf-8.txt	48	5	7	1	1	3	3	2	75	3	6	4	19	30	95	5	1	18	13	18	2	48	8	1	124	11	28	13	3	9	2	4	1	6	40	4	99	2	1	10	5	6	40	4	1	7	2	3	4	147	2	1	24	24	30	6	8	1	8	9	59	2	9	25	16	1	8	26	4	4	4	22	4	20	1	1	10	5	4	52	2	1	2	4	10	5	79	3	2	62	18	13	1	2	10	2	5	10	1	1	1	7	46	2	7	6	4	6	1	11	18	2	20	6	3	4	15	1	1	2	3	9	2	38	1	4	1	2	8	3	17	4	3	14	4	4	2	4	3	3	5	4	15	1	5	3	3	3	13	2	15	3	1	14	3	2	9	2	7	2	6	10	2	3	3	2	1	5	3	6	3	1	8	2	2	2	4	4	8	7	9	1	14	10	3	18	6	7	7	11	8	8	2	9	6	6	11	13	2	9	9	7	4	10	6	22	9	1	1	3	4	1	1	4	1	7	6	2	2	1	8	3	6	3	1	1	1	4	4	28	2	2	3	3	3	3	3	1	10	14	3	11	2	3	4	4	9	1	3	1	4	2	7	7	2	1	4	7	9	2	3	3	2	10	1	1	4	3	2	3	16	8	6	37	1	3	4	12	2	17	6	4	4	1	8	4	2	9	4	5	3	11	9	3	1	1	2	3	1	1	1	11	8	1	8	6	2	3	26	1	2	7	5	5	10	4	2	13	1	3	14	33	2	2	4	4	2	3	6	8	7	6	5	12	7	1	4	3	10	19	4	1	13	1	3	2	19	19	3	4	7	1	6	1	21	14	1	5	31	9	1	10	8	2	5	4	4	1	6	14	2	70	3	2	5	3	6	8	2	1	2	13	1	4	18	4	13	5	17	1	55	6	12	18	1	2	6	6	6	1	11	1	2	1	1	4	7	7	46	4	3	5	1	4	5	1	1	3	4	15	2	5	5	5	1	2	3	1	9	11	6	2	18	1	3	1	26	1	2	1	1	1	3	1	2	2	18	4	16	4	1	22	17	4	1	7	7	18	8	8	2	1	3	6	1	14	2	4	4	2	1	2	2	3	7	2	3	2	3	1	7	42	1	4	3	12	3	3	3	5	3	1	2	2	2	3	3	2	1	1	2	2	2	1	2	1	5	29	3	3	9	2	2	4	19	7	4	18	2	2	2	2	3	7	2	1	1	1	2	10	1	3	1	3	3	1	1	1	1	27	9	311	13	3	1	6	17	2	2	2	8	2	2	385	4	5	290	1	2	4	5	11	4	1	2	16	1	6	3	3	5	5	2	4	4	1	3	2	11	4	1	142	war
848.txt.utf-8.txt	114	5	1	1	1	4	2	2	98	3	12	24	62	11	152	11	8	28	4	49	2	102	4	1	174	11	64	3	3	9	2	4	3	1	184	16	142	2	1	9	8	6	19	4	1	7	2	3	8	204	2	1	20	15	36	4	8	1	18	2	128	11	9	51	65	20	6	50	25	4	45	22	3	20	1	1	15	1	19	33	2	3	17	9	55	4	88	3	2	48	26	47	8	8	1	4	3	5	3	1	6	7	15	3	3	11	12	6	5	40	18	2	19	2	1	1	15	12	1	7	3	18	2	18	3	10	1	2	27	5	5	14	3	14	6	4	15	2	2	3	2	3	66	6	5	5	8	1	16	8	11	13	5	12	3	1	8	8	43	2	8	3	23	3	13	11	22	6	2	18	2	16	17	20	10	1	2	3	4	7	9	5	43	43	4	18	1	12	14	15	8	8	2	7	6	6	14	37	7	1	41	4	4	47	10	4	14	5	1	35	1	1	2	4	8	7	46	2	2	4	4	2	9	3	1	5	2	14	15	14	3	18	3	2	3	5	1	5	10	4	3	9	2	3	2	3	16	1	3	1	4	1	19	18	2	5	1	3	2	2	4	9	17	9	6	1	2	5	2	3	5	8	26	37	1	3	2	12	2	17	8	1	4	2	8	7	2	2	28	5	5	3	2	3	1	3	2	3	1	1	6	2	8	7	8	2	2	1	40	1	9	7	5	7	10	4	2	2	1	3	40	33	1	2	4	5	2	1	23	6	2	6	5	12	6	1	10	3	10	5	4	1	2	5	3	2	19	27	3	4	7	1	6	1	21	3	1	5	4	5	1	6	2	2	5	10	4	9	2	7	8	70	3	2	5	3	6	1	3	1	2	13	1	2	18	9	13	5	62	4	2	6	12	8	1	2	5	6	10	1	7	3	5	1	2	1	2	7	46	4	3	5	1	6	4	3	2	3	1	14	2	3	13	2	1	2	5	1	9	6	2	2	18	1	7	1	2	1	2	4	3	4	2	2	2	10	3	12	16	3	2	22	14	4	1	7	2	1	1	2	4	2	3	14	1	1	2	4	4	6	1	2	3	2	7	1	3	2	3	1	3	42	1	2	3	12	3	3	3	5	3	1	2	2	2	3	5	3	2	1	2	1	4	1	2	1	5	29	3	4	9	1	2	7	19	4	2	18	2	2	2	2	3	7	2	1	1	3	2	10	16	2	8	3	3	2	5	1	1	27	9	311	13	3	2	3	18	2	9	2	15	2	2	385	4	5	290	4	2	4	2	11	1	49	1	2	1	2	13	3	5	5	2	2	4	1	3	2	4	27	1	142	war
903-0.txt	234	5	1	1	15	3	2	2	246	21	2	4	87	29	491	5	1	16	4	158	5	280	23	2	363	4	125	8	3	13	3	4	7	1	247	5	209	2	5	14	11	7	136	4	2	7	2	3	20	356	2	1	12	110	23	4	8	3	19	19	144	22	2	272	106	26	7	202	32	3	22	2	2	5	9	6	15	5	3	151	10	5	5	2	145	1	276	3	4	133	4	307	21	33	2	7	22	5	3	1	9	7	99	3	1	22	5	3	5	66	8	22	59	2	2	13	15	9	1	7	3	39	2	18	3	5	1	2	37	6	5	11	3	1	6	24	15	32	4	3	10	6	104	41	5	5	13	1	38	8	18	23	20	22	3	5	4	45	85	10	4	43	11	2	13	9	18	34	17	152	24	16	28	72	8	16	5	7	6	11	6	50	46	100	4	8	1	12	78	13	30	8	2	88	8	7	7	47	13	3	83	17	5	65	20	16	30	16	1	14	27	1	2	4	4	7	70	25	5	4	4	82	7	3	1	5	3	6	28	21	12	18	3	5	3	4	4	6	2	30	7	15	2	3	2	7	5	5	3	1	4	6	3	39	2	11	1	67	2	8	4	1	2	80	1	2	2	5	2	3	2	8	48	2	1	9	2	2	10	17	22	1	10	2	1	5	1	26	2	13	5	2	9	3	4	3	5	1	1	4	2	2	6	7	4	3	1	1	85	2	28	4	6	5	3	3	1	3	4	3	75	102	4	2	6	18	2	1	3	8	9	5	2	3	2	1	10	3	10	2	5	2	10	3	26	2	19	97	57	5	6	1	2	4	21	34	1	8	40	16	1	9	5	2	5	1	4	4	2	48	4	70	3	2	5	2	2	1	4	5	7	13	1	2	18	33	13	5	81	17	20	6	10	1	1	8	7	6	22	13	7	53	5	14	2	6	8	7	46	9	3	5	1	4	4	11	2	3	1	93	2	42	2	2	1	2	2	14	2	46	3	2	18	5	4	1	3	1	1	4	3	1	5	2	3	17	97	11	16	7	2	2	48	4	1	7	1	12	1	10	8	7	3	6	1	4	2	4	1	6	13	1	7	11	7	12	9	2	2	1	1	42	1	2	3	12	3	3	3	5	3	1	2	2	2	3	34	4	2	1	2	1	3	1	2	1	5	29	3	4	1	36	2	2	2	4	33	2	2	3	2	3	4	5	20	3	6	3	2	3	175	2	7	3	5	2	6	1	1	1	3	311	1	42	8	3	9	2	56	2	6	4	2	385	10	5	290	4	2	4	5	32	3	32	12	3	4	15	3	3	6	5	2	3	1	3	6	2	27	27	1	142	war
940-0.txt	140	5	30	3	15	10	3	11	63	11	2	18	160	64	155	33	4	13	31	86	20	47	50	12	311	29	118	59	12	6	16	4	3	1	337	78	68	7	9	30	39	7	29	2	2	14	6	3	28	383	28	4	157	4	35	5	7	3	6	8	146	14	3	181	21	14	2	87	77	22	19	15	17	30	1	4	9	5	3	56	58	1	20	6	136	15	141	9	4	181	13	15	7	57	3	10	18	69	17	11	198	13	71	22	29	36	18	3	16	44	8	14	35	2	3	12	10	21	1	11	74	34	2	8	2	24	3	10	42	27	7	28	4	2	13	13	15	3	4	10	22	25	65	85	2	9	7	6	47	8	13	9	6	16	3	14	16	2	49	6	30	20	75	7	5	29	2	26	21	26	24	29	21	1	27	42	7	8	47	11	6	25	15	55	8	18	4	5	41	42	23	14	2	55	4	31	24	138	25	4	32	22	38	13	13	84	17	3	1	16	19	1	12	7	23	7	60	14	25	9	2	20	70	3	7	11	1	19	35	12	43	53	10	22	11	20	31	1	2	30	16	39	5	24	5	21	47	27	3	1	15	4	3	21	4	20	1	67	11	9	4	9	10	70	21	13	2	30	1	5	16	12	61	2	2	11	23	39	11	17	11	17	4	12	2	13	7	27	2	19	18	13	6	3	3	8	37	7	2	4	2	1	35	7	8	4	1	2	162	2	45	29	5	7	7	12	1	12	4	3	28	7	47	2	3	15	2	29	39	14	23	9	8	6	2	14	42	3	2	29	6	4	1	13	9	2	19	144	6	69	19	19	2	1	20	20	6	10	20	5	13	38	5	34	4	6	6	2	6	16	24	1	5	2	5	2	18	1	5	11	12	13	1	19	7	4	13	5	96	55	11	1	8	42	11	4	7	6	6	2	10	8	3	5	7	3	29	9	46	9	4	5	5	3	24	2	13	3	9	30	21	1	6	28	2	1	14	11	15	9	16	2	3	23	22	8	3	1	4	15	6	8	2	14	25	17	86	7	37	18	3	1	38	4	1	8	8	3	16	15	2	11	2	17	1	21	3	2	1	7	4	10	7	24	1	4	1	2	4	21	2	42	1	2	5	15	3	3	3	5	3	1	2	3	7	1	9	8	17	11	8	4	3	6	7	24	8	4	2	4	2	14	2	3	2	8	64	2	3	4	2	1	1	5	1	3	6	10	8	24	8	7	3	3	5	9	2	2	11	1	3	5	7	9	8	2	7	3	20	34	6	2	10	385	6	5	290	7	2	3	9	8	25	3	17	3	5	36	3	3	2	3	1	3	15	2	6	46	38	27	1	142	war
